"arv","hi","di","DAP","HT"
2170,0.1,17.99,14.39,26.5
2170,0.3,16.5,14.39,26.5
2170,0.5,14.86,14.39,26.5
2170,0.7,14.72,14.39,26.5
2170,0.9,14.71,14.39,26.5
2170,1.1,14.39,14.39,26.5
2170,1.3,14.39,14.39,26.5
2170,2,13.99,14.39,26.5
2170,3,13.59,14.39,26.5
2170,4,13.39,14.39,26.5
2170,5,13.2,14.39,26.5
2170,6,12.7,14.39,26.5
2170,7,12.45,14.39,26.5
2170,8,11.8,14.39,26.5
2170,9,11.35,14.39,26.5
2170,10,11.25,14.39,26.5
2170,11,10.6,14.39,26.5
2170,12,10.4,14.39,26.5
2170,12.25,9.75,14.39,26.5
2170,13,9.65,14.39,26.5
2170,14,9.15,14.39,26.5
2170,15,9.1,14.39,26.5
2170,16,8.34,14.39,26.5
2170,17,8.05,14.39,26.5
2170,18,7.5,14.39,26.5
2170,18.15,7,14.39,26.5
2170,19,6.5,14.39,26.5
2170,20,6,14.39,26.5
2170,21,5.45,14.39,26.5
2170,22,4.75,14.39,26.5
2170,23,4,14.39,26.5
2170,26.5,0,14.39,26.5
2171,0.1,21.54,19,29.4
2171,0.3,20.24,19,29.4
2171,0.5,19.59,19,29.4
2171,0.7,19.54,19,29.4
2171,0.9,19.3,19,29.4
2171,1.1,19.05,19,29.4
2171,1.3,19,19,29.4
2171,2,18.74,19,29.4
2171,3,17.75,19,29.4
2171,4,17.15,19,29.4
2171,5,17.05,19,29.4
2171,6,17.05,19,29.4
2171,7,16.7,19,29.4
2171,8,15.9,19,29.4
2171,9,15.25,19,29.4
2171,10,15.25,19,29.4
2171,11,14.95,19,29.4
2171,12,14.34,19,29.4
2171,13,13.55,19,29.4
2171,13.7,13.15,19,29.4
2171,14,13.1,19,29.4
2171,15,12.55,19,29.4
2171,16,12.1,19,29.4
2171,17,11.2,19,29.4
2171,18,10.75,19,29.4
2171,19,10.1,19,29.4
2171,20,9.45,19,29.4
2171,21,8.65,19,29.4
2171,22,7.95,19,29.4
2171,23,7.55,19,29.4
2171,23.43,7,19,29.4
2171,24,6.3,19,29.4
2171,25,5.4,19,29.4
2171,26,4.45,19,29.4
2171,26.7,4,19,29.4
2171,29.4,0,19,29.4
2172,0.1,22.74,19.13,29.7
2172,0.3,22,19.13,29.7
2172,0.5,20.75,19.13,29.7
2172,0.7,19.49,19.13,29.7
2172,0.9,19.39,19.13,29.7
2172,1.1,19.24,19.13,29.7
2172,1.3,19.13,19.13,29.7
2172,2,18,19.13,29.7
2172,3,17.75,19.13,29.7
2172,4,17.1,19.13,29.7
2172,5,16.69,19.13,29.7
2172,6,16.65,19.13,29.7
2172,7,16,19.13,29.7
2172,8,15.95,19.13,29.7
2172,9,15,19.13,29.7
2172,10,14.85,19.13,29.7
2172,11,14.65,19.13,29.7
2172,12,14.05,19.13,29.7
2172,13,13.6,19.13,29.7
2172,13.85,13.45,19.13,29.7
2172,14,12.65,19.13,29.7
2172,15,12.2,19.13,29.7
2172,16,11.85,19.13,29.7
2172,17,10.95,19.13,29.7
2172,18,10.75,19.13,29.7
2172,19,9.85,19.13,29.7
2172,20,9.1,19.13,29.7
2172,21,8.9,19.13,29.7
2172,22,7.69,19.13,29.7
2172,23,7,19.13,29.7
2172,24,6.15,19.13,29.7
2172,25,5.05,19.13,29.7
2172,26,4.7,19.13,29.7
2172,26.9,4,19.13,29.7
2172,29.7,0,19.13,29.7
2173,0.1,15.25,12.6,23.7
2173,0.3,14.45,12.6,23.7
2173,0.5,14.45,12.6,23.7
2173,0.7,13.2,12.6,23.7
2173,0.9,13.2,12.6,23.7
2173,1.1,12.8,12.6,23.7
2173,1.3,12.6,12.6,23.7
2173,2,11.59,12.6,23.7
2173,3,11.35,12.6,23.7
2173,4,11.29,12.6,23.7
2173,5,11.14,12.6,23.7
2173,6,10.6,12.6,23.7
2173,7,10.44,12.6,23.7
2173,8,10.4,12.6,23.7
2173,9,9.75,12.6,23.7
2173,10,9.45,12.6,23.7
2173,10.85,9,12.6,23.7
2173,11,8.85,12.6,23.7
2173,12,8.75,12.6,23.7
2173,13,8.05,12.6,23.7
2173,14,7.6,12.6,23.7
2173,15,7,12.6,23.7
2173,16,6.55,12.6,23.7
2173,17,6.05,12.6,23.7
2173,18,5.25,12.6,23.7
2173,19,4.35,12.6,23.7
2173,19.9,4,12.6,23.7
2173,23.7,0,12.6,23.7
2174,0.1,17.05,14.38,25.4
2174,0.3,16.05,14.38,25.4
2174,0.5,14.95,14.38,25.4
2174,0.7,14.74,14.38,25.4
2174,0.9,14.54,14.38,25.4
2174,1.1,14.47,14.38,25.4
2174,1.3,14.38,14.38,25.4
2174,2,13.74,14.38,25.4
2174,3,13.6,14.38,25.4
2174,4,13.34,14.38,25.4
2174,5,13.09,14.38,25.4
2174,6,12.54,14.38,25.4
2174,7,12.5,14.38,25.4
2174,8,11.69,14.38,25.4
2174,9,11.4,14.38,25.4
2174,10,10.6,14.38,25.4
2174,11,10.2,14.38,25.4
2174,11.7,10.05,14.38,25.4
2174,12,10,14.38,25.4
2174,13,9.6,14.38,25.4
2174,14,9.1,14.38,25.4
2174,15,8.75,14.38,25.4
2174,16,7.85,14.38,25.4
2174,17,7.35,14.38,25.4
2174,17.32,7,14.38,25.4
2174,18,6.75,14.38,25.4
2174,19,6.15,14.38,25.4
2174,20,5.45,14.38,25.4
2174,21,4.54,14.38,25.4
2174,22,4.3,14.38,25.4
2174,22.44,4,14.38,25.4
2174,25.4,0,14.38,25.4
2175,0.1,15.48,13.65,25.2
2175,0.3,14.79,13.65,25.2
2175,0.5,14.74,13.65,25.2
2175,0.7,14.3,13.65,25.2
2175,0.9,14.2,13.65,25.2
2175,1.1,14.15,13.65,25.2
2175,1.3,13.65,13.65,25.2
2175,2,13.5,13.65,25.2
2175,3,13.05,13.65,25.2
2175,4,12.24,13.65,25.2
2175,5,12.14,13.65,25.2
2175,6,11.5,13.65,25.2
2175,7,11.09,13.65,25.2
2175,8,10.69,13.65,25.2
2175,9,10.65,13.65,25.2
2175,10,10.25,13.65,25.2
2175,11,9.55,13.65,25.2
2175,11.6,9.4,13.65,25.2
2175,12,9.2,13.65,25.2
2175,13,8.84,13.65,25.2
2175,14,8.39,13.65,25.2
2175,15,7.95,13.65,25.2
2175,16,7.64,13.65,25.2
2175,16.55,7,13.65,25.2
2175,17,6.05,13.65,25.2
2175,18,5.9,13.65,25.2
2175,19,5.65,13.65,25.2
2175,20,5,13.65,25.2
2175,21,4.35,13.65,25.2
2175,21.38,4,13.65,25.2
2175,25.2,0,13.65,25.2
2176,0.1,13.69,11.1,20.9
2176,0.3,13,11.1,20.9
2176,0.5,12.3,11.1,20.9
2176,0.7,12.15,11.1,20.9
2176,0.9,11.85,11.1,20.9
2176,1.1,11.8,11.1,20.9
2176,1.3,11.1,11.1,20.9
2176,2,11.05,11.1,20.9
2176,3,10.95,11.1,20.9
2176,4,10.49,11.1,20.9
2176,5,9.95,11.1,20.9
2176,6,9.95,11.1,20.9
2176,7,9.5,11.1,20.9
2176,8,9.1,11.1,20.9
2176,9,8.34,11.1,20.9
2176,9.45,8.14,11.1,20.9
2176,10,7.95,11.1,20.9
2176,11,7.84,11.1,20.9
2176,11.7,7,11.1,20.9
2176,12,6.75,11.1,20.9
2176,13,6.15,11.1,20.9
2176,14,5.7,11.1,20.9
2176,15,5.1,11.1,20.9
2176,16,4.6,11.1,20.9
2176,16.45,4,11.1,20.9
2176,20.9,0,11.1,20.9
2177,0.1,21.5,17.49,29.7
2177,0.3,19.74,17.49,29.7
2177,0.5,19.49,17.49,29.7
2177,0.7,18.9,17.49,29.7
2177,0.9,18.4,17.49,29.7
2177,1.1,17.61,17.49,29.7
2177,1.3,17.49,17.49,29.7
2177,2,16.96,17.49,29.7
2177,3,16.35,17.49,29.7
2177,4,15.53,17.49,29.7
2177,5,14.89,17.49,29.7
2177,6,14.84,17.49,29.7
2177,7,14.69,17.49,29.7
2177,8,14.49,17.49,29.7
2177,9,14.24,17.49,29.7
2177,10,13.99,17.49,29.7
2177,11,13.93,17.49,29.7
2177,12,13.35,17.49,29.7
2177,13,12.3,17.49,29.7
2177,13.85,12.14,17.49,29.7
2177,14,11.94,17.49,29.7
2177,15,11.75,17.49,29.7
2177,16,11.65,17.49,29.7
2177,17,10.85,17.49,29.7
2177,18,10.24,17.49,29.7
2177,19,9.43,17.49,29.7
2177,20,9.1,17.49,29.7
2177,21,8.68,17.49,29.7
2177,22,7.84,17.49,29.7
2177,22.86,7,17.49,29.7
2177,23,6.55,17.49,29.7
2177,24,5.9,17.49,29.7
2177,25,5.6,17.49,29.7
2177,26,4.6,17.49,29.7
2177,26.1,4,17.49,29.7
2177,29.7,0,17.49,29.7
2178,0.1,19.9,14.33,26.1
2178,0.3,18.6,14.33,26.1
2178,0.5,17.59,14.33,26.1
2178,0.7,17.05,14.33,26.1
2178,0.9,16.44,14.33,26.1
2178,1.1,15.53,14.33,26.1
2178,1.3,14.33,14.33,26.1
2178,2,13.54,14.33,26.1
2178,3,13.35,14.33,26.1
2178,4,12.79,14.33,26.1
2178,5,12.09,14.33,26.1
2178,6,12,14.33,26.1
2178,7,11.95,14.33,26.1
2178,8,11.14,14.33,26.1
2178,9,11.05,14.33,26.1
2178,10,10.99,14.33,26.1
2178,11,10.55,14.33,26.1
2178,12,9.7,14.33,26.1
2178,12.05,9.65,14.33,26.1
2178,13,9.2,14.33,26.1
2178,14,8.6,14.33,26.1
2178,15,8.25,14.33,26.1
2178,16,8.05,14.33,26.1
2178,17,7.65,14.33,26.1
2178,18,7.35,14.33,26.1
2178,18.13,7,14.33,26.1
2178,19,6.4,14.33,26.1
2178,20,5.9,14.33,26.1
2178,21,5,14.33,26.1
2178,22,4.55,14.33,26.1
2178,22.73,4,14.33,26.1
2178,26.1,0,14.33,26.1
2179,0.1,20.88,18.39,30.1
2179,0.3,19.88,18.39,30.1
2179,0.5,19.3,18.39,30.1
2179,0.7,19,18.39,30.1
2179,0.9,18.79,18.39,30.1
2179,1.1,18.64,18.39,30.1
2179,1.3,18.39,18.39,30.1
2179,2,17.53,18.39,30.1
2179,3,17.23,18.39,30.1
2179,4,16.77,18.39,30.1
2179,5,16.03,18.39,30.1
2179,6,15.4,18.39,30.1
2179,7,15.15,18.39,30.1
2179,8,15,18.39,30.1
2179,9,14.9,18.39,30.1
2179,10,14.8,18.39,30.1
2179,11,14.39,18.39,30.1
2179,12,14.15,18.39,30.1
2179,13,14.04,18.39,30.1
2179,14,13.19,18.39,30.1
2179,14.05,12.85,18.39,30.1
2179,15,12.19,18.39,30.1
2179,16,11.59,18.39,30.1
2179,17,11,18.39,30.1
2179,18,10.75,18.39,30.1
2179,19,9.99,18.39,30.1
2179,20,9.35,18.39,30.1
2179,21,8.6,18.39,30.1
2179,22,8,18.39,30.1
2179,23,7.4,18.39,30.1
2179,23.9,7,18.39,30.1
2179,24,6.8,18.39,30.1
2179,25,6,18.39,30.1
2179,26,5,18.39,30.1
2179,27,4.25,18.39,30.1
2179,27.15,4,18.39,30.1
2179,30.1,0,18.39,30.1
2180,0.1,15.95,14.65,27
2180,0.3,15.85,14.65,27
2180,0.5,15.38,14.65,27
2180,0.7,15.23,14.65,27
2180,0.9,14.88,14.65,27
2180,1.1,14.74,14.65,27
2180,1.3,14.65,14.65,27
2180,2,14.19,14.65,27
2180,3,14.09,14.65,27
2180,4,13.29,14.65,27
2180,5,12.95,14.65,27
2180,6,12.7,14.65,27
2180,7,12.5,14.65,27
2180,8,12.48,14.65,27
2180,9,12.19,14.65,27
2180,10,11.39,14.65,27
2180,11,11.05,14.65,27
2180,12,10.7,14.65,27
2180,12.5,10.1,14.65,27
2180,13,9.85,14.65,27
2180,14,9.55,14.65,27
2180,15,9.3,14.65,27
2180,16,8.89,14.65,27
2180,17,8.25,14.65,27
2180,18,8.15,14.65,27
2180,19,7.25,14.65,27
2180,19.3,7,14.65,27
2180,20,6.4,14.65,27
2180,21,5.79,14.65,27
2180,22,5.1,14.65,27
2180,23,4.4,14.65,27
2180,23.35,4,14.65,27
2180,27,0,14.65,27
2181,0.1,19.08,16.49,28.4
2181,0.3,18.1,16.49,28.4
2181,0.5,17.6,16.49,28.4
2181,0.7,17.15,16.49,28.4
2181,0.9,16.65,16.49,28.4
2181,1.1,16.49,16.49,28.4
2181,1.3,16.49,16.49,28.4
2181,2,16.35,16.49,28.4
2181,3,15.55,16.49,28.4
2181,4,15.3,16.49,28.4
2181,5,15.1,16.49,28.4
2181,6,14.8,16.49,28.4
2181,7,14.39,16.49,28.4
2181,8,13.65,16.49,28.4
2181,9,13.39,16.49,28.4
2181,10,13.15,16.49,28.4
2181,11,12.65,16.49,28.4
2181,12,11.89,16.49,28.4
2181,13,11.85,16.49,28.4
2181,13.2,11.8,16.49,28.4
2181,14,11.5,16.49,28.4
2181,15,10.75,16.49,28.4
2181,16,10.4,16.49,28.4
2181,17,9.9,16.49,28.4
2181,18,9.2,16.49,28.4
2181,19,8.4,16.49,28.4
2181,20,7.65,16.49,28.4
2181,21,7.45,16.49,28.4
2181,21.48,7,16.49,28.4
2181,22,6.5,16.49,28.4
2181,23,6.05,16.49,28.4
2181,24,5.2,16.49,28.4
2181,25,4.35,16.49,28.4
2181,25.43,4,16.49,28.4
2181,28.4,0,16.49,28.4
2182,0.1,14.25,13.09,25.5
2182,0.3,13.6,13.09,25.5
2182,0.5,13.55,13.09,25.5
2182,0.7,13.35,13.09,25.5
2182,0.9,13.2,13.09,25.5
2182,1.1,13.15,13.09,25.5
2182,1.3,13.09,13.09,25.5
2182,2,12.55,13.09,25.5
2182,3,12.5,13.09,25.5
2182,4,12,13.09,25.5
2182,5,11.75,13.09,25.5
2182,6,11.15,13.09,25.5
2182,7,10.85,13.09,25.5
2182,8,10.25,13.09,25.5
2182,9,9.85,13.09,25.5
2182,10,9.6,13.09,25.5
2182,11,9.3,13.09,25.5
2182,11.75,9.24,13.09,25.5
2182,12,8.84,13.09,25.5
2182,13,8.65,13.09,25.5
2182,14,8.5,13.09,25.5
2182,15,7.9,13.09,25.5
2182,16,7.65,13.09,25.5
2182,16.68,7,13.09,25.5
2182,17,6.45,13.09,25.5
2182,18,6.3,13.09,25.5
2182,19,5.65,13.09,25.5
2182,20,5.1,13.09,25.5
2182,21,4.5,13.09,25.5
2182,21.55,4,13.09,25.5
2182,25.5,0,13.09,25.5
2183,0.1,18.5,14.7,26.4
2183,0.3,17.49,14.7,26.4
2183,0.5,16.25,14.7,26.4
2183,0.7,16.05,14.7,26.4
2183,0.9,15.44,14.7,26.4
2183,1.1,15.33,14.7,26.4
2183,1.3,14.7,14.7,26.4
2183,2,14.45,14.7,26.4
2183,3,14.1,14.7,26.4
2183,4,13.35,14.7,26.4
2183,5,13.3,14.7,26.4
2183,6,12.7,14.7,26.4
2183,7,12.7,14.7,26.4
2183,8,12.2,14.7,26.4
2183,9,11.55,14.7,26.4
2183,10,11.1,14.7,26.4
2183,11,10.7,14.7,26.4
2183,12,10.2,14.7,26.4
2183,12.2,10.15,14.7,26.4
2183,13,9.89,14.7,26.4
2183,14,9.45,14.7,26.4
2183,15,8.95,14.7,26.4
2183,16,8.8,14.7,26.4
2183,17,7.99,14.7,26.4
2183,18,7.3,14.7,26.4
2183,18.5,7,14.7,26.4
2183,19,6.7,14.7,26.4
2183,20,5.95,14.7,26.4
2183,21,5.55,14.7,26.4
2183,22,4.8,14.7,26.4
2183,23,4.15,14.7,26.4
2183,23.2,4,14.7,26.4
2183,26.4,0,14.7,26.4
2184,0.1,17.55,14,25.3
2184,0.3,15.84,14,25.3
2184,0.5,15.35,14,25.3
2184,0.7,14.35,14,25.3
2184,0.9,14.3,14,25.3
2184,1.1,14.15,14,25.3
2184,1.3,14,14,25.3
2184,2,13.09,14,25.3
2184,3,12.65,14,25.3
2184,4,12.39,14,25.3
2184,5,12.35,14,25.3
2184,6,11.9,14,25.3
2184,7,11.6,14,25.3
2184,8,11.4,14,25.3
2184,9,10.8,14,25.3
2184,10,10.09,14,25.3
2184,11,9.85,14,25.3
2184,11.65,9.3,14,25.3
2184,12,9.3,14,25.3
2184,13,9.15,14,25.3
2184,14,8.44,14,25.3
2184,15,8.25,14,25.3
2184,16,7.6,14,25.3
2184,16.78,7,14,25.3
2184,17,6.8,14,25.3
2184,18,6.35,14,25.3
2184,19,5.65,14,25.3
2184,20,4.9,14,25.3
2184,21,4.35,14,25.3
2184,21.55,4,14,25.3
2184,25.3,0,14,25.3
2185,0.1,21.29,17.25,28.7
2185,0.3,19.39,17.25,28.7
2185,0.5,18.44,17.25,28.7
2185,0.7,18.25,17.25,28.7
2185,0.9,17.95,17.25,28.7
2185,1.1,17.49,17.25,28.7
2185,1.3,17.25,17.25,28.7
2185,2,16.8,17.25,28.7
2185,3,16.35,17.25,28.7
2185,4,16.1,17.25,28.7
2185,5,15.6,17.25,28.7
2185,6,15.55,17.25,28.7
2185,7,15.3,17.25,28.7
2185,8,14.75,17.25,28.7
2185,9,14.25,17.25,28.7
2185,10,13.5,17.25,28.7
2185,11,13.3,17.25,28.7
2185,12,12.65,17.25,28.7
2185,13,12.55,17.25,28.7
2185,13.35,12.3,17.25,28.7
2185,14,11.65,17.25,28.7
2185,15,11.15,17.25,28.7
2185,16,11,17.25,28.7
2185,17,10.25,17.25,28.7
2185,18,9.25,17.25,28.7
2185,19,8.7,17.25,28.7
2185,20,8.3,17.25,28.7
2185,21,7.7,17.25,28.7
2185,21.6,7,17.25,28.7
2185,22,6.75,17.25,28.7
2185,23,5.94,17.25,28.7
2185,24,5.2,17.25,28.7
2185,25,4.35,17.25,28.7
2185,25.2,4,17.25,28.7
2185,28.7,0,17.25,28.7
2186,0.1,15.09,12.8,24.5
2186,0.3,15,12.8,24.5
2186,0.5,14.35,12.8,24.5
2186,0.7,13.95,12.8,24.5
2186,0.9,12.9,12.8,24.5
2186,1.1,12.85,12.8,24.5
2186,1.3,12.8,12.8,24.5
2186,2,12.35,12.8,24.5
2186,3,11.7,12.8,24.5
2186,4,11.39,12.8,24.5
2186,5,11.24,12.8,24.5
2186,6,11.14,12.8,24.5
2186,7,10.64,12.8,24.5
2186,8,10.1,12.8,24.5
2186,9,9.8,12.8,24.5
2186,10,9.25,12.8,24.5
2186,11,8.85,12.8,24.5
2186,11.25,8.65,12.8,24.5
2186,12,8.3,12.8,24.5
2186,13,8.15,12.8,24.5
2186,14,7.55,12.8,24.5
2186,14.7,7,12.8,24.5
2186,15,6.75,12.8,24.5
2186,16,6.25,12.8,24.5
2186,17,5.65,12.8,24.5
2186,18,5,12.8,24.5
2186,19,4.75,12.8,24.5
2186,20,4.15,12.8,24.5
2186,20.8,4,12.8,24.5
2186,24.5,0,12.8,24.5
2187,0.1,18.79,15.55,28
2187,0.3,16.83,15.55,28
2187,0.5,16.62,15.55,28
2187,0.7,16.36,15.55,28
2187,0.9,16.36,15.55,28
2187,1.1,16.08,15.55,28
2187,1.3,15.55,15.55,28
2187,2,14.9,15.55,28
2187,3,14.44,15.55,28
2187,4,14.2,15.55,28
2187,5,14.1,15.55,28
2187,6,13.5,15.55,28
2187,7,13.15,15.55,28
2187,8,12.65,15.55,28
2187,9,12.35,15.55,28
2187,10,12.3,15.55,28
2187,11,11.9,15.55,28
2187,12,11.45,15.55,28
2187,13,11.44,15.55,28
2187,14,10.75,15.55,28
2187,15,10.25,15.55,28
2187,16,9.45,15.55,28
2187,17,9.05,15.55,28
2187,18,8.75,15.55,28
2187,19,7.8,15.55,28
2187,19.8,7,15.55,28
2187,20,6.8,15.55,28
2187,21,6.25,15.55,28
2187,22,5.6,15.55,28
2187,23,5.15,15.55,28
2187,24,4,15.55,28
2187,28,0,15.55,28
2188,0.1,20.15,15.22,28.2
2188,0.3,17.4,15.22,28.2
2188,0.5,16.8,15.22,28.2
2188,0.7,16.2,15.22,28.2
2188,0.9,15.79,15.22,28.2
2188,1.1,15.49,15.22,28.2
2188,1.3,15.22,15.22,28.2
2188,2,14.5,15.22,28.2
2188,3,14.3,15.22,28.2
2188,4,14.25,15.22,28.2
2188,5,14.19,15.22,28.2
2188,6,14.19,15.22,28.2
2188,7,13.65,15.22,28.2
2188,8,13.15,15.22,28.2
2188,9,12.75,15.22,28.2
2188,10,12.2,15.22,28.2
2188,11,11.8,15.22,28.2
2188,12,11.7,15.22,28.2
2188,13,11.04,15.22,28.2
2188,13.1,11,15.22,28.2
2188,14,10.7,15.22,28.2
2188,15,10.2,15.22,28.2
2188,16,10.15,15.22,28.2
2188,17,9.7,15.22,28.2
2188,18,8.5,15.22,28.2
2188,19,8.4,15.22,28.2
2188,20,7.65,15.22,28.2
2188,20.7,7,15.22,28.2
2188,21,6.7,15.22,28.2
2188,22,6.3,15.22,28.2
2188,23,5.35,15.22,28.2
2188,24,4.75,15.22,28.2
2188,25,4,15.22,28.2
2188,28.2,0,15.22,28.2
2189,0.1,15.6,14.05,27.3
2189,0.3,15.4,14.05,27.3
2189,0.5,15.2,14.05,27.3
2189,0.7,14.89,14.05,27.3
2189,0.9,14.85,14.05,27.3
2189,1.1,14.5,14.05,27.3
2189,1.3,14.05,14.05,27.3
2189,2,13.44,14.05,27.3
2189,3,13.29,14.05,27.3
2189,4,13.05,14.05,27.3
2189,5,12.89,14.05,27.3
2189,6,12.6,14.05,27.3
2189,7,11.7,14.05,27.3
2189,8,11.64,14.05,27.3
2189,9,11.6,14.05,27.3
2189,10,11.3,14.05,27.3
2189,11,11,14.05,27.3
2189,12,10.75,14.05,27.3
2189,12.65,10.55,14.05,27.3
2189,13,10.25,14.05,27.3
2189,14,9.4,14.05,27.3
2189,15,9.2,14.05,27.3
2189,16,8.9,14.05,27.3
2189,17,8.1,14.05,27.3
2189,18,7.55,14.05,27.3
2189,18.5,7,14.05,27.3
2189,19,6.35,14.05,27.3
2189,20,6.1,14.05,27.3
2189,21,5.6,14.05,27.3
2189,22,5.2,14.05,27.3
2189,23,4.35,14.05,27.3
2189,23.7,4,14.05,27.3
2189,27.3,0,14.05,27.3
2190,0.1,16.89,14.91,27.2
2190,0.3,15.92,14.91,27.2
2190,0.5,15.39,14.91,27.2
2190,0.7,15.39,14.91,27.2
2190,0.9,15.29,14.91,27.2
2190,1.1,15.29,14.91,27.2
2190,1.3,14.91,14.91,27.2
2190,2,14.78,14.91,27.2
2190,3,13.5,14.91,27.2
2190,4,13.25,14.91,27.2
2190,5,13.15,14.91,27.2
2190,6,12.99,14.91,27.2
2190,7,12.8,14.91,27.2
2190,8,12.25,14.91,27.2
2190,9,11.75,14.91,27.2
2190,10,11.65,14.91,27.2
2190,11,11.55,14.91,27.2
2190,12,10.9,14.91,27.2
2190,12.6,10.5,14.91,27.2
2190,13,10.25,14.91,27.2
2190,14,9.9,14.91,27.2
2190,15,9.54,14.91,27.2
2190,16,9.2,14.91,27.2
2190,17,8.2,14.91,27.2
2190,18,7.9,14.91,27.2
2190,19,7.5,14.91,27.2
2190,20,7.1,14.91,27.2
2190,20.15,7,14.91,27.2
2190,21,6.1,14.91,27.2
2190,22,5.64,14.91,27.2
2190,23,4.6,14.91,27.2
2190,23.7,4,14.91,27.2
2190,27.2,0,14.91,27.2
2191,0.1,20.12,15.1,27.4
2191,0.3,17.55,15.1,27.4
2191,0.5,15.6,15.1,27.4
2191,0.7,15.55,15.1,27.4
2191,0.9,15.5,15.1,27.4
2191,1.1,15.15,15.1,27.4
2191,1.3,15.1,15.1,27.4
2191,2,14.45,15.1,27.4
2191,3,14.35,15.1,27.4
2191,4,14.2,15.1,27.4
2191,5,14.1,15.1,27.4
2191,6,13.8,15.1,27.4
2191,7,13.4,15.1,27.4
2191,8,12.99,15.1,27.4
2191,9,12.65,15.1,27.4
2191,10,12.25,15.1,27.4
2191,11,12,15.1,27.4
2191,12,11.65,15.1,27.4
2191,12.7,11.25,15.1,27.4
2191,13,11.2,15.1,27.4
2191,14,10.74,15.1,27.4
2191,15,9.9,15.1,27.4
2191,16,9.1,15.1,27.4
2191,17,8.35,15.1,27.4
2191,18,8.25,15.1,27.4
2191,19,7.5,15.1,27.4
2191,19.8,7,15.1,27.4
2191,20,6.75,15.1,27.4
2191,21,6.1,15.1,27.4
2191,22,5.2,15.1,27.4
2191,23,4.5,15.1,27.4
2191,23.9,4,15.1,27.4
2191,27.4,0,15.1,27.4
2192,0.1,20.63,16.43,27
2192,0.3,18.3,16.43,27
2192,0.5,17.83,16.43,27
2192,0.7,17,16.43,27
2192,0.9,16.75,16.43,27
2192,1.1,16.64,16.43,27
2192,1.3,16.43,16.43,27
2192,2,14.95,16.43,27
2192,3,14.85,16.43,27
2192,4,14.25,16.43,27
2192,5,13.95,16.43,27
2192,6,13.85,16.43,27
2192,7,13.19,16.43,27
2192,8,12.85,16.43,27
2192,9,12.75,16.43,27
2192,10,12.6,16.43,27
2192,11,12,16.43,27
2192,12,11.2,16.43,27
2192,12.5,11.15,16.43,27
2192,13,10.6,16.43,27
2192,14,10.5,16.43,27
2192,15,9.8,16.43,27
2192,16,9.15,16.43,27
2192,17,8.45,16.43,27
2192,18,7.8,16.43,27
2192,19,7.35,16.43,27
2192,19.35,7,16.43,27
2192,20,6.55,16.43,27
2192,21,6.45,16.43,27
2192,22,5.5,16.43,27
2192,23,4.8,16.43,27
2192,24,4.3,16.43,27
2192,24.2,4,16.43,27
2192,27,0,16.43,27
2193,0.1,16.69,13.99,26
2193,0.3,15.3,13.99,26
2193,0.5,14.89,13.99,26
2193,0.7,14.54,13.99,26
2193,0.9,14.39,13.99,26
2193,1.1,14.15,13.99,26
2193,1.3,13.99,13.99,26
2193,2,13.25,13.99,26
2193,3,12.69,13.99,26
2193,4,12.5,13.99,26
2193,5,12.44,13.99,26
2193,6,12.24,13.99,26
2193,7,11.7,13.99,26
2193,8,11.4,13.99,26
2193,9,11,13.99,26
2193,10,10.55,13.99,26
2193,11,10.1,13.99,26
2193,12,9.9,13.99,26
2193,13,9.4,13.99,26
2193,14,8.9,13.99,26
2193,15,8.7,13.99,26
2193,16,7.6,13.99,26
2193,17,7.15,13.99,26
2193,17.1,7,13.99,26
2193,18,6.7,13.99,26
2193,19,5.65,13.99,26
2193,20,5.4,13.99,26
2193,21,4.85,13.99,26
2193,22,4.2,13.99,26
2193,22.1,4,13.99,26
2193,26,0,13.99,26
2194,0.1,22.13,18.1,28.8
2194,0.3,19.48,18.1,28.8
2194,0.5,19.47,18.1,28.8
2194,0.7,19.16,18.1,28.8
2194,0.9,18.74,18.1,28.8
2194,1.1,18.29,18.1,28.8
2194,1.3,18.1,18.1,28.8
2194,2,17.4,18.1,28.8
2194,3,17.05,18.1,28.8
2194,4,17,18.1,28.8
2194,5,16.55,18.1,28.8
2194,6,16.25,18.1,28.8
2194,7,15.8,18.1,28.8
2194,8,15.35,18.1,28.8
2194,9,14.98,18.1,28.8
2194,10,14.35,18.1,28.8
2194,11,13.8,18.1,28.8
2194,12,13.8,18.1,28.8
2194,13,13.45,18.1,28.8
2194,13.4,13.25,18.1,28.8
2194,14,12.55,18.1,28.8
2194,15,12.1,18.1,28.8
2194,16,11.5,18.1,28.8
2194,17,11,18.1,28.8
2194,18,10.45,18.1,28.8
2194,19,9.2,18.1,28.8
2194,20,9.05,18.1,28.8
2194,21,8.3,18.1,28.8
2194,22,7.3,18.1,28.8
2194,22.7,7,18.1,28.8
2194,23,6.49,18.1,28.8
2194,24,5.9,18.1,28.8
2194,25,4.95,18.1,28.8
2194,26,4.35,18.1,28.8
2194,26.2,4,18.1,28.8
2194,28.8,0,18.1,28.8
2195,0.1,22.19,16.95,29.1
2195,0.3,18.65,16.95,29.1
2195,0.5,18.45,16.95,29.1
2195,0.7,18.05,16.95,29.1
2195,0.9,18.05,16.95,29.1
2195,1.1,17.9,16.95,29.1
2195,1.3,16.95,16.95,29.1
2195,2,16.49,16.95,29.1
2195,3,15.49,16.95,29.1
2195,4,15.35,16.95,29.1
2195,5,15.35,16.95,29.1
2195,6,14.95,16.95,29.1
2195,7,14.85,16.95,29.1
2195,8,14.75,16.95,29.1
2195,9,13.9,16.95,29.1
2195,10,13.79,16.95,29.1
2195,11,13,16.95,29.1
2195,12,12.7,16.95,29.1
2195,13,12.45,16.95,29.1
2195,13.55,12.1,16.95,29.1
2195,14,11.95,16.95,29.1
2195,15,11.9,16.95,29.1
2195,16,11.5,16.95,29.1
2195,17,11.2,16.95,29.1
2195,18,10.19,16.95,29.1
2195,19,9.75,16.95,29.1
2195,20,8.85,16.95,29.1
2195,21,7.75,16.95,29.1
2195,21.65,7,16.95,29.1
2195,22,6.45,16.95,29.1
2195,23,6.14,16.95,29.1
2195,24,5.45,16.95,29.1
2195,25,4.6,16.95,29.1
2195,26,4.45,16.95,29.1
2195,26.2,4,16.95,29.1
2195,29.1,0,16.95,29.1
2196,0.1,16.15,13.09,26.5
2196,0.3,14.89,13.09,26.5
2196,0.5,14.4,13.09,26.5
2196,0.7,13.7,13.09,26.5
2196,0.9,13.1,13.09,26.5
2196,1.1,13.1,13.09,26.5
2196,1.3,13.09,13.09,26.5
2196,2,12.95,13.09,26.5
2196,3,12.7,13.09,26.5
2196,4,12.3,13.09,26.5
2196,5,12.2,13.09,26.5
2196,6,12.1,13.09,26.5
2196,7,11.64,13.09,26.5
2196,8,10.9,13.09,26.5
2196,9,10.8,13.09,26.5
2196,10,10.1,13.09,26.5
2196,11,9.9,13.09,26.5
2196,12,9.65,13.09,26.5
2196,12.25,8.85,13.09,26.5
2196,13,8.6,13.09,26.5
2196,14,8.5,13.09,26.5
2196,15,8.15,13.09,26.5
2196,16,7.75,13.09,26.5
2196,16.9,7,13.09,26.5
2196,17,6.85,13.09,26.5
2196,18,6.6,13.09,26.5
2196,19,6.15,13.09,26.5
2196,20,5.15,13.09,26.5
2196,21,4.8,13.09,26.5
2196,22,4,13.09,26.5
2196,26.5,0,13.09,26.5
2197,0.1,12.96,11.54,21.9
2197,0.3,12,11.54,21.9
2197,0.5,11.84,11.54,21.9
2197,0.7,11.77,11.54,21.9
2197,0.9,11.67,11.54,21.9
2197,1.1,11.63,11.54,21.9
2197,1.3,11.54,11.54,21.9
2197,2,11.35,11.54,21.9
2197,3,10.6,11.54,21.9
2197,4,10.55,11.54,21.9
2197,5,10,11.54,21.9
2197,6,9.8,11.54,21.9
2197,7,9.5,11.54,21.9
2197,8,8.8,11.54,21.9
2197,9,8.45,11.54,21.9
2197,9.95,8.15,11.54,21.9
2197,10,7.85,11.54,21.9
2197,11,7.5,11.54,21.9
2197,12,7.15,11.54,21.9
2197,12.4,7,11.54,21.9
2197,13,6.75,11.54,21.9
2197,14,6.3,11.54,21.9
2197,15,5.3,11.54,21.9
2197,16,5.05,11.54,21.9
2197,17,4.55,11.54,21.9
2197,18,4.15,11.54,21.9
2197,18.27,4,11.54,21.9
2197,21.9,0,11.54,21.9
2198,0.1,17.59,15.34,28.5
2198,0.3,16.59,15.34,28.5
2198,0.5,16.05,15.34,28.5
2198,0.7,15.73,15.34,28.5
2198,0.9,15.7,15.34,28.5
2198,1.1,15.38,15.34,28.5
2198,1.3,15.34,15.34,28.5
2198,2,15.34,15.34,28.5
2198,3,14.69,15.34,28.5
2198,4,14.65,15.34,28.5
2198,5,14.45,15.34,28.5
2198,6,14.34,15.34,28.5
2198,7,13.75,15.34,28.5
2198,8,13.65,15.34,28.5
2198,9,13.3,15.34,28.5
2198,10,12.9,15.34,28.5
2198,11,12.45,15.34,28.5
2198,12,12.25,15.34,28.5
2198,13,11.9,15.34,28.5
2198,13.25,11.65,15.34,28.5
2198,14,11.45,15.34,28.5
2198,15,10.9,15.34,28.5
2198,16,10.45,15.34,28.5
2198,17,10,15.34,28.5
2198,18,9.3,15.34,28.5
2198,19,8.85,15.34,28.5
2198,20,8,15.34,28.5
2198,21,7.35,15.34,28.5
2198,21.7,7,15.34,28.5
2198,22,6.65,15.34,28.5
2198,23,5.65,15.34,28.5
2198,24,4.6,15.34,28.5
2198,25,4.25,15.34,28.5
2198,25.55,4,15.34,28.5
2198,28.5,0,15.34,28.5
2199,0.1,19.9,17.49,29.4
2199,0.3,18.8,17.49,29.4
2199,0.5,18.3,17.49,29.4
2199,0.7,17.65,17.49,29.4
2199,0.9,17.49,17.49,29.4
2199,1.1,17.49,17.49,29.4
2199,1.3,17.49,17.49,29.4
2199,2,16.9,17.49,29.4
2199,3,16.75,17.49,29.4
2199,4,16.44,17.49,29.4
2199,5,16.35,17.49,29.4
2199,6,15.7,17.49,29.4
2199,7,15.68,17.49,29.4
2199,8,15.05,17.49,29.4
2199,9,14.85,17.49,29.4
2199,10,14.29,17.49,29.4
2199,11,13.95,17.49,29.4
2199,12,13.88,17.49,29.4
2199,13,13.4,17.49,29.4
2199,13.7,13.19,17.49,29.4
2199,14,12.73,17.49,29.4
2199,15,12.25,17.49,29.4
2199,16,12.25,17.49,29.4
2199,17,11.65,17.49,29.4
2199,18,10.7,17.49,29.4
2199,19,10.2,17.49,29.4
2199,20,10.05,17.49,29.4
2199,21,9.75,17.49,29.4
2199,22,8.05,17.49,29.4
2199,23,7.2,17.49,29.4
2199,23.5,7,17.49,29.4
2199,24,6.45,17.49,29.4
2199,25,5.65,17.49,29.4
2199,26,4.55,17.49,29.4
2199,26.7,4,17.49,29.4
2199,29.4,0,17.49,29.4
2200,0.1,16.94,16.1,27.9
2200,0.3,16.7,16.1,27.9
2200,0.5,16.49,16.1,27.9
2200,0.7,16.33,16.1,27.9
2200,0.9,16.28,16.1,27.9
2200,1.1,16.15,16.1,27.9
2200,1.3,16.1,16.1,27.9
2200,2,15.54,16.1,27.9
2200,3,15.5,16.1,27.9
2200,4,15.05,16.1,27.9
2200,5,14.95,16.1,27.9
2200,6,14.59,16.1,27.9
2200,7,14.24,16.1,27.9
2200,8,13.55,16.1,27.9
2200,9,13.45,16.1,27.9
2200,10,12.9,16.1,27.9
2200,11,12.45,16.1,27.9
2200,12,11.75,16.1,27.9
2200,12.95,11.65,16.1,27.9
2200,13,11.65,16.1,27.9
2200,14,10.85,16.1,27.9
2200,15,10.6,16.1,27.9
2200,16,9.9,16.1,27.9
2200,17,9.3,16.1,27.9
2200,18,8.85,16.1,27.9
2200,19,8.3,16.1,27.9
2200,20,7.4,16.1,27.9
2200,20.6,7,16.1,27.9
2200,21,6.9,16.1,27.9
2200,22,6.1,16.1,27.9
2200,23,5.65,16.1,27.9
2200,24,4.6,16.1,27.9
2200,25,4.15,16.1,27.9
2200,25.35,4,16.1,27.9
2200,27.9,0,16.1,27.9
2201,0.1,15.34,12.75,25.4
2201,0.3,15.34,12.75,25.4
2201,0.5,15.23,12.75,25.4
2201,0.7,14.32,12.75,25.4
2201,0.9,13.85,12.75,25.4
2201,1.1,13.23,12.75,25.4
2201,1.3,12.75,12.75,25.4
2201,2,12.59,12.75,25.4
2201,3,12.44,12.75,25.4
2201,4,12.1,12.75,25.4
2201,5,11.84,12.75,25.4
2201,6,11.74,12.75,25.4
2201,7,11.34,12.75,25.4
2201,8,10.89,12.75,25.4
2201,9,10.3,12.75,25.4
2201,10,9.8,12.75,25.4
2201,11,9.5,12.75,25.4
2201,11.7,9.15,12.75,25.4
2201,12,9.05,12.75,25.4
2201,13,8.49,12.75,25.4
2201,14,8.2,12.75,25.4
2201,15,7.7,12.75,25.4
2201,16,7.25,12.75,25.4
2201,16.1,7,12.75,25.4
2201,17,6.7,12.75,25.4
2201,18,5.9,12.75,25.4
2201,19,5.25,12.75,25.4
2201,20,4.8,12.75,25.4
2201,21,4,12.75,25.4
2201,25.4,0,12.75,25.4
2202,0.1,15.7,14.25,25.7
2202,0.3,15.06,14.25,25.7
2202,0.5,14.79,14.25,25.7
2202,0.7,14.79,14.25,25.7
2202,0.9,14.64,14.25,25.7
2202,1.1,14.35,14.25,25.7
2202,1.3,14.25,14.25,25.7
2202,2,13.45,14.25,25.7
2202,3,13.39,14.25,25.7
2202,4,12.55,14.25,25.7
2202,5,12.3,14.25,25.7
2202,6,12,14.25,25.7
2202,7,11.55,14.25,25.7
2202,8,11.4,14.25,25.7
2202,9,11.05,14.25,25.7
2202,10,10.94,14.25,25.7
2202,11,10.5,14.25,25.7
2202,11.85,9.95,14.25,25.7
2202,12,9.75,14.25,25.7
2202,13,9.45,14.25,25.7
2202,14,8.7,14.25,25.7
2202,15,8.7,14.25,25.7
2202,16,8.1,14.25,25.7
2202,17,7.25,14.25,25.7
2202,17.5,7,14.25,25.7
2202,18,6.55,14.25,25.7
2202,19,5.9,14.25,25.7
2202,20,5.3,14.25,25.7
2202,21,4.55,14.25,25.7
2202,21.7,4,14.25,25.7
2202,25.7,0,14.25,25.7
2203,0.1,18.1,14.04,26.3
2203,0.3,16.3,14.04,26.3
2203,0.5,15.44,14.04,26.3
2203,0.7,15.44,14.04,26.3
2203,0.9,14.5,14.04,26.3
2203,1.1,14.45,14.04,26.3
2203,1.3,14.04,14.04,26.3
2203,2,13.85,14.04,26.3
2203,3,13.55,14.04,26.3
2203,4,12.95,14.04,26.3
2203,5,12.94,14.04,26.3
2203,6,12.54,14.04,26.3
2203,7,12.3,14.04,26.3
2203,8,11.99,14.04,26.3
2203,9,11.64,14.04,26.3
2203,10,11.05,14.04,26.3
2203,11,10.55,14.04,26.3
2203,12,10.2,14.04,26.3
2203,12.15,10.1,14.04,26.3
2203,13,9.85,14.04,26.3
2203,14,9.6,14.04,26.3
2203,15,9.25,14.04,26.3
2203,16,8.45,14.04,26.3
2203,17,7.79,14.04,26.3
2203,18,7.4,14.04,26.3
2203,18.55,7,14.04,26.3
2203,19,6.8,14.04,26.3
2203,20,6.3,14.04,26.3
2203,21,5.5,14.04,26.3
2203,22,4.65,14.04,26.3
2203,22.7,4,14.04,26.3
2203,26.3,0,14.04,26.3
2204,0.1,19.27,15.4,27.5
2204,0.3,17.16,15.4,27.5
2204,0.5,16.69,15.4,27.5
2204,0.7,16.45,15.4,27.5
2204,0.9,15.5,15.4,27.5
2204,1.1,15.4,15.4,27.5
2204,1.3,15.4,15.4,27.5
2204,2,14.79,15.4,27.5
2204,3,14.35,15.4,27.5
2204,4,14.29,15.4,27.5
2204,5,14.09,15.4,27.5
2204,6,13.8,15.4,27.5
2204,7,13.6,15.4,27.5
2204,8,13.45,15.4,27.5
2204,9,13.35,15.4,27.5
2204,10,12.5,15.4,27.5
2204,11,12.25,15.4,27.5
2204,12,11.7,15.4,27.5
2204,12.75,11.25,15.4,27.5
2204,13,11.25,15.4,27.5
2204,14,10.75,15.4,27.5
2204,15,10.5,15.4,27.5
2204,16,9.25,15.4,27.5
2204,17,8.9,15.4,27.5
2204,18,8.3,15.4,27.5
2204,19,7.85,15.4,27.5
2204,19.5,7,15.4,27.5
2204,20,6.8,15.4,27.5
2204,21,6.15,15.4,27.5
2204,22,5.8,15.4,27.5
2204,23,4.55,15.4,27.5
2204,24,4,15.4,27.5
2204,27.5,0,15.4,27.5
2205,0.1,17.25,14.65,27.2
2205,0.3,17,14.65,27.2
2205,0.5,15.59,14.65,27.2
2205,0.7,15.58,14.65,27.2
2205,0.9,15.15,14.65,27.2
2205,1.1,14.7,14.65,27.2
2205,1.3,14.65,14.65,27.2
2205,2,13.95,14.65,27.2
2205,3,13.49,14.65,27.2
2205,4,13.44,14.65,27.2
2205,5,12.65,14.65,27.2
2205,6,12.65,14.65,27.2
2205,7,12.39,14.65,27.2
2205,8,12.1,14.65,27.2
2205,9,11.75,14.65,27.2
2205,10,11.55,14.65,27.2
2205,11,11.29,14.65,27.2
2205,12,10.75,14.65,27.2
2205,12.6,10.6,14.65,27.2
2205,13,10.34,14.65,27.2
2205,14,9.75,14.65,27.2
2205,15,9.4,14.65,27.2
2205,16,8.6,14.65,27.2
2205,17,8.1,14.65,27.2
2205,18,7.4,14.65,27.2
2205,18.8,7,14.65,27.2
2205,19,6.75,14.65,27.2
2205,20,6.45,14.65,27.2
2205,21,5.6,14.65,27.2
2205,22,4.99,14.65,27.2
2205,23,4.35,14.65,27.2
2205,23.35,4,14.65,27.2
2205,27.2,0,14.65,27.2
2206,0.1,20.88,17.15,28.5
2206,0.3,20.24,17.15,28.5
2206,0.5,19.35,17.15,28.5
2206,0.7,18.08,17.15,28.5
2206,0.9,17.95,17.15,28.5
2206,1.1,17.43,17.15,28.5
2206,1.3,17.15,17.15,28.5
2206,2,16.6,17.15,28.5
2206,3,16.4,17.15,28.5
2206,4,15.85,17.15,28.5
2206,5,15.4,17.15,28.5
2206,6,15.3,17.15,28.5
2206,7,15.25,17.15,28.5
2206,8,14.2,17.15,28.5
2206,9,13.8,17.15,28.5
2206,10,13.25,17.15,28.5
2206,11,12.64,17.15,28.5
2206,12,12.15,17.15,28.5
2206,13,11.85,17.15,28.5
2206,13.25,11.85,17.15,28.5
2206,14,11.15,17.15,28.5
2206,15,11.15,17.15,28.5
2206,16,10.79,17.15,28.5
2206,17,9.95,17.15,28.5
2206,18,9.1,17.15,28.5
2206,19,8.34,17.15,28.5
2206,20,7.95,17.15,28.5
2206,21,7.55,17.15,28.5
2206,21.55,7,17.15,28.5
2206,22,6.4,17.15,28.5
2206,23,5.55,17.15,28.5
2206,24,4.8,17.15,28.5
2206,25,4.25,17.15,28.5
2206,25.3,4,17.15,28.5
2206,28.5,0,17.15,28.5
2207,0.1,17,13.95,25.7
2207,0.3,16.15,13.95,25.7
2207,0.5,14.65,13.95,25.7
2207,0.7,14.49,13.95,25.7
2207,0.9,14,13.95,25.7
2207,1.1,14,13.95,25.7
2207,1.3,13.95,13.95,25.7
2207,2,12.99,13.95,25.7
2207,3,12.5,13.95,25.7
2207,4,12.39,13.95,25.7
2207,5,12.05,13.95,25.7
2207,6,11.7,13.95,25.7
2207,7,11.5,13.95,25.7
2207,8,11,13.95,25.7
2207,9,10.45,13.95,25.7
2207,10,10.1,13.95,25.7
2207,11,9.9,13.95,25.7
2207,11.85,9.4,13.95,25.7
2207,12,9.4,13.95,25.7
2207,13,8.9,13.95,25.7
2207,14,8.5,13.95,25.7
2207,15,8.34,13.95,25.7
2207,16,7.35,13.95,25.7
2207,16.4,7,13.95,25.7
2207,17,6.9,13.95,25.7
2207,18,6.4,13.95,25.7
2207,19,5.85,13.95,25.7
2207,20,5.29,13.95,25.7
2207,21,4.5,13.95,25.7
2207,21.7,4,13.95,25.7
2207,25.7,0,13.95,25.7
2208,0.1,20.34,16.35,28.3
2208,0.3,18.02,16.35,28.3
2208,0.5,17.47,16.35,28.3
2208,0.7,17.2,16.35,28.3
2208,0.9,16.5,16.35,28.3
2208,1.1,16.5,16.35,28.3
2208,1.3,16.35,16.35,28.3
2208,2,15.59,16.35,28.3
2208,3,15.49,16.35,28.3
2208,4,15.25,16.35,28.3
2208,5,14.85,16.35,28.3
2208,6,14.85,16.35,28.3
2208,7,14.45,16.35,28.3
2208,8,13.85,16.35,28.3
2208,9,13.4,16.35,28.3
2208,10,13,16.35,28.3
2208,11,12.85,16.35,28.3
2208,12,12.55,16.35,28.3
2208,13,12.05,16.35,28.3
2208,13.15,11.49,16.35,28.3
2208,14,11,16.35,28.3
2208,15,10.2,16.35,28.3
2208,16,10.15,16.35,28.3
2208,17,9.45,16.35,28.3
2208,18,8.85,16.35,28.3
2208,19,8.35,16.35,28.3
2208,20,8.15,16.35,28.3
2208,21,7.15,16.35,28.3
2208,21.2,7,16.35,28.3
2208,22,6.45,16.35,28.3
2208,23,5.6,16.35,28.3
2208,24,4.8,16.35,28.3
2208,25,4.15,16.35,28.3
2208,25.7,4,16.35,28.3
2208,28.3,0,16.35,28.3
2209,0.1,16.94,11.89,21.7
2209,0.3,16.83,11.89,21.7
2209,0.5,16.52,11.89,21.7
2209,0.7,14.45,11.89,21.7
2209,0.9,12.83,11.89,21.7
2209,1.1,12.69,11.89,21.7
2209,1.3,11.89,11.89,21.7
2209,2,11.3,11.89,21.7
2209,3,11.3,11.89,21.7
2209,4,11.1,11.89,21.7
2209,5,11,11.89,21.7
2209,6,10.1,11.89,21.7
2209,7,9.7,11.89,21.7
2209,8,9.55,11.89,21.7
2209,9,8.75,11.89,21.7
2209,9.85,8.45,11.89,21.7
2209,10,8.35,11.89,21.7
2209,11,8,11.89,21.7
2209,12,7.95,11.89,21.7
2209,13,7.25,11.89,21.7
2209,13.4,7,11.89,21.7
2209,14,6.75,11.89,21.7
2209,15,6.05,11.89,21.7
2209,16,5.44,11.89,21.7
2209,17,4.8,11.89,21.7
2209,18,4.15,11.89,21.7
2209,18.3,4,11.89,21.7
2209,21.7,0,11.89,21.7
2210,0.1,21.79,17.05,29.2
2210,0.3,19.04,17.05,29.2
2210,0.5,18.7,17.05,29.2
2210,0.7,17.9,17.05,29.2
2210,0.9,17.35,17.05,29.2
2210,1.1,17.14,17.05,29.2
2210,1.3,17.05,17.05,29.2
2210,2,16,17.05,29.2
2210,3,16,17.05,29.2
2210,4,15.85,17.05,29.2
2210,5,15.59,17.05,29.2
2210,6,15.35,17.05,29.2
2210,7,14.95,17.05,29.2
2210,8,14.8,17.05,29.2
2210,9,14.65,17.05,29.2
2210,10,13.75,17.05,29.2
2210,11,13.65,17.05,29.2
2210,12,13.05,17.05,29.2
2210,13,12.9,17.05,29.2
2210,13.6,12.55,17.05,29.2
2210,14,12.4,17.05,29.2
2210,15,11.7,17.05,29.2
2210,16,11.4,17.05,29.2
2210,17,10.65,17.05,29.2
2210,18,9.9,17.05,29.2
2210,19,9.4,17.05,29.2
2210,20,8.65,17.05,29.2
2210,21,7.7,17.05,29.2
2210,22,7.35,17.05,29.2
2210,22.9,7,17.05,29.2
2210,23,6.3,17.05,29.2
2210,24,6.05,17.05,29.2
2210,25,5.1,17.05,29.2
2210,26,4.2,17.05,29.2
2210,26.5,4,17.05,29.2
2210,29.2,0,17.05,29.2
2211,0.1,18.41,16.35,28.7
2211,0.3,17.49,16.35,28.7
2211,0.5,17.15,16.35,28.7
2211,0.7,16.88,16.35,28.7
2211,0.9,16.64,16.35,28.7
2211,1.1,16.6,16.35,28.7
2211,1.3,16.35,16.35,28.7
2211,2,15.85,16.35,28.7
2211,3,15.5,16.35,28.7
2211,4,15.4,16.35,28.7
2211,5,14.78,16.35,28.7
2211,6,14.75,16.35,28.7
2211,7,14.4,16.35,28.7
2211,8,14.4,16.35,28.7
2211,9,13.8,16.35,28.7
2211,10,13.15,16.35,28.7
2211,11,13.05,16.35,28.7
2211,12,12.45,16.35,28.7
2211,13,12.2,16.35,28.7
2211,13.35,12.05,16.35,28.7
2211,14,11.9,16.35,28.7
2211,15,11.1,16.35,28.7
2211,16,10.44,16.35,28.7
2211,17,9.8,16.35,28.7
2211,18,9.15,16.35,28.7
2211,19,8.7,16.35,28.7
2211,20,8.35,16.35,28.7
2211,21,8,16.35,28.7
2211,22,7,16.35,28.7
2211,23,6.2,16.35,28.7
2211,24,5.34,16.35,28.7
2211,25,4.55,16.35,28.7
2211,26,4,16.35,28.7
2211,28.7,0,16.35,28.7
2212,0.1,20.44,17.47,29.8
2212,0.3,19.35,17.47,29.8
2212,0.5,18.85,17.47,29.8
2212,0.7,18.39,17.47,29.8
2212,0.9,18.23,17.47,29.8
2212,1.1,18.04,17.47,29.8
2212,1.3,17.47,17.47,29.8
2212,2,17.34,17.47,29.8
2212,3,16.8,17.47,29.8
2212,4,16.35,17.47,29.8
2212,5,16.34,17.47,29.8
2212,6,16.1,17.47,29.8
2212,7,16.1,17.47,29.8
2212,8,15.55,17.47,29.8
2212,9,15,17.47,29.8
2212,10,14.8,17.47,29.8
2212,11,14.2,17.47,29.8
2212,12,14.09,17.47,29.8
2212,13,13.6,17.47,29.8
2212,13.9,12.95,17.47,29.8
2212,14,12.9,17.47,29.8
2212,15,12.6,17.47,29.8
2212,16,11.9,17.47,29.8
2212,17,11.45,17.47,29.8
2212,18,10.6,17.47,29.8
2212,19,9.65,17.47,29.8
2212,20,9.25,17.47,29.8
2212,21,8.55,17.47,29.8
2212,22,8.05,17.47,29.8
2212,23,7.65,17.47,29.8
2212,23.47,7,17.47,29.8
2212,24,6.45,17.47,29.8
2212,25,6.1,17.47,29.8
2212,26,4.85,17.47,29.8
2212,27,4.35,17.47,29.8
2212,27.2,4,17.47,29.8
2212,29.8,0,17.47,29.8
2213,0.1,14.25,11.8,22.3
2213,0.3,12.7,11.8,22.3
2213,0.5,12.35,11.8,22.3
2213,0.7,12.1,11.8,22.3
2213,0.9,12,11.8,22.3
2213,1.1,12,11.8,22.3
2213,1.3,11.8,11.8,22.3
2213,2,11.1,11.8,22.3
2213,3,10.9,11.8,22.3
2213,4,10.65,11.8,22.3
2213,5,10.45,11.8,22.3
2213,6,10.1,11.8,22.3
2213,7,9.4,11.8,22.3
2213,8,9.2,11.8,22.3
2213,9,8.5,11.8,22.3
2213,10,8.1,11.8,22.3
2213,10.15,8,11.8,22.3
2213,11,7.65,11.8,22.3
2213,12,7.2,11.8,22.3
2213,12.6,7,11.8,22.3
2213,13,6.55,11.8,22.3
2213,14,6,11.8,22.3
2213,15,5.45,11.8,22.3
2213,16,5.05,11.8,22.3
2213,17,4.25,11.8,22.3
2213,17.5,4,11.8,22.3
2213,22.3,0,11.8,22.3
2214,0.1,17.7,15.64,27.8
2214,0.3,17.18,15.64,27.8
2214,0.5,16.97,15.64,27.8
2214,0.7,16.47,15.64,27.8
2214,0.9,16.18,15.64,27.8
2214,1.1,16.13,15.64,27.8
2214,1.3,15.64,15.64,27.8
2214,2,15.05,15.64,27.8
2214,3,14.35,15.64,27.8
2214,4,14.15,15.64,27.8
2214,5,13.85,15.64,27.8
2214,6,13.74,15.64,27.8
2214,7,13.45,15.64,27.8
2214,8,13.35,15.64,27.8
2214,9,13,15.64,27.8
2214,10,12.8,15.64,27.8
2214,11,12.6,15.64,27.8
2214,12,12.04,15.64,27.8
2214,12.9,11.25,15.64,27.8
2214,13,11.1,15.64,27.8
2214,14,10.82,15.64,27.8
2214,15,10.34,15.64,27.8
2214,16,10.25,15.64,27.8
2214,17,9.25,15.64,27.8
2214,18,8.9,15.64,27.8
2214,19,8.15,15.64,27.8
2214,20,7.85,15.64,27.8
2214,21,7,15.64,27.8
2214,22,6.15,15.64,27.8
2214,23,5.4,15.64,27.8
2214,24,4.85,15.64,27.8
2214,25,4,15.64,27.8
2214,27.8,0,15.64,27.8
2215,0.1,13.25,10.6,21.1
2215,0.3,11.99,10.6,21.1
2215,0.5,11.99,10.6,21.1
2215,0.7,11.95,10.6,21.1
2215,0.9,11.7,10.6,21.1
2215,1.1,11.25,10.6,21.1
2215,1.3,10.6,10.6,21.1
2215,2,10.6,10.6,21.1
2215,3,10.55,10.6,21.1
2215,4,10.1,10.6,21.1
2215,5,10.05,10.6,21.1
2215,6,9.55,10.6,21.1
2215,7,9.15,10.6,21.1
2215,8,8.65,10.6,21.1
2215,9,8.2,10.6,21.1
2215,9.55,7.95,10.6,21.1
2215,10,7.65,10.6,21.1
2215,11,7.35,10.6,21.1
2215,11.7,7,10.6,21.1
2215,12,6.6,10.6,21.1
2215,13,6.5,10.6,21.1
2215,14,5.85,10.6,21.1
2215,15,5.45,10.6,21.1
2215,16,4.65,10.6,21.1
2215,17,4.25,10.6,21.1
2215,17.48,4,10.6,21.1
2215,21.1,0,10.6,21.1
2216,0.1,22,18.14,29.5
2216,0.3,19,18.14,29.5
2216,0.5,18.74,18.14,29.5
2216,0.7,18.53,18.14,29.5
2216,0.9,18.42,18.14,29.5
2216,1.1,18.33,18.14,29.5
2216,1.3,18.14,18.14,29.5
2216,2,17.59,18.14,29.5
2216,3,16.78,18.14,29.5
2216,4,16.66,18.14,29.5
2216,5,16.43,18.14,29.5
2216,6,16.25,18.14,29.5
2216,7,15.68,18.14,29.5
2216,8,15.23,18.14,29.5
2216,9,15.23,18.14,29.5
2216,10,14.74,18.14,29.5
2216,11,14.3,18.14,29.5
2216,12,13.64,18.14,29.5
2216,13,13.54,18.14,29.5
2216,13.75,13.2,18.14,29.5
2216,14,12.94,18.14,29.5
2216,15,12.04,18.14,29.5
2216,16,11.49,18.14,29.5
2216,17,11.04,18.14,29.5
2216,18,10.34,18.14,29.5
2216,19,10,18.14,29.5
2216,20,9.45,18.14,29.5
2216,21,8.67,18.14,29.5
2216,22,8.55,18.14,29.5
2216,23,7,18.14,29.5
2216,24,6.24,18.14,29.5
2216,25,5.65,18.14,29.5
2216,26,5.05,18.14,29.5
2216,26.9,4,18.14,29.5
2216,29.5,0,18.14,29.5
2217,0.1,18.73,14.15,26.2
2217,0.3,15.61,14.15,26.2
2217,0.5,14.84,14.15,26.2
2217,0.7,14.4,14.15,26.2
2217,0.9,14.4,14.15,26.2
2217,1.1,14.25,14.15,26.2
2217,1.3,14.15,14.15,26.2
2217,2,13.75,14.15,26.2
2217,3,13.7,14.15,26.2
2217,4,13.4,14.15,26.2
2217,5,12.9,14.15,26.2
2217,6,12.9,14.15,26.2
2217,7,12.55,14.15,26.2
2217,8,12.2,14.15,26.2
2217,9,11.7,14.15,26.2
2217,10,11.45,14.15,26.2
2217,11,11.05,14.15,26.2
2217,12,10.65,14.15,26.2
2217,12.1,10.45,14.15,26.2
2217,13,10,14.15,26.2
2217,14,9.65,14.15,26.2
2217,15,9.2,14.15,26.2
2217,16,8.6,14.15,26.2
2217,17,7.9,14.15,26.2
2217,18,7.35,14.15,26.2
2217,19,7,14.15,26.2
2217,20,6.5,14.15,26.2
2217,21,6.1,14.15,26.2
2217,22,4.95,14.15,26.2
2217,23,4.35,14.15,26.2
2217,23.6,4,14.15,26.2
2217,26.2,0,14.15,26.2
2218,0.1,19.44,16,28.4
2218,0.3,17.42,16,28.4
2218,0.5,17.04,16,28.4
2218,0.7,16.99,16,28.4
2218,0.9,16.35,16,28.4
2218,1.1,16.1,16,28.4
2218,1.3,16,16,28.4
2218,2,15.24,16,28.4
2218,3,15.1,16,28.4
2218,4,14.89,16,28.4
2218,5,14.7,16,28.4
2218,6,14.49,16,28.4
2218,7,13.9,16,28.4
2218,8,13.6,16,28.4
2218,9,13.3,16,28.4
2218,10,13,16,28.4
2218,11,12.65,16,28.4
2218,12,12.4,16,28.4
2218,13,11.45,16,28.4
2218,13.2,11.4,16,28.4
2218,14,11.24,16,28.4
2218,15,10.64,16,28.4
2218,16,10.49,16,28.4
2218,17,9.54,16,28.4
2218,18,8.7,16,28.4
2218,19,8.15,16,28.4
2218,20,7.55,16,28.4
2218,21,7.2,16,28.4
2218,21.5,7,16,28.4
2218,22,6.45,16,28.4
2218,23,5.9,16,28.4
2218,24,5.1,16,28.4
2218,25,4.35,16,28.4
2218,25.5,4,16,28.4
2218,28.4,0,16,28.4
2219,0.1,16.26,12.4,25.4
2219,0.3,15.23,12.4,25.4
2219,0.5,14.25,12.4,25.4
2219,0.7,13.19,12.4,25.4
2219,0.9,12.75,12.4,25.4
2219,1.1,12.65,12.4,25.4
2219,1.3,12.4,12.4,25.4
2219,2,12.39,12.4,25.4
2219,3,12.1,12.4,25.4
2219,4,11.75,12.4,25.4
2219,5,10.72,12.4,25.4
2219,6,10.72,12.4,25.4
2219,7,10.68,12.4,25.4
2219,8,10.24,12.4,25.4
2219,9,9.99,12.4,25.4
2219,10,9.59,12.4,25.4
2219,11,9.3,12.4,25.4
2219,11.7,9.05,12.4,25.4
2219,12,8.7,12.4,25.4
2219,13,8.65,12.4,25.4
2219,14,8.1,12.4,25.4
2219,15,7.65,12.4,25.4
2219,16,7.2,12.4,25.4
2219,16.6,7,12.4,25.4
2219,17,6.45,12.4,25.4
2219,18,6.15,12.4,25.4
2219,19,5.55,12.4,25.4
2219,20,5,12.4,25.4
2219,21,4.4,12.4,25.4
2219,22,4,12.4,25.4
2219,25.4,0,12.4,25.4
2220,0.1,20.59,17.34,29.5
2220,0.3,19.32,17.34,29.5
2220,0.5,18.88,17.34,29.5
2220,0.7,18.49,17.34,29.5
2220,0.9,18.04,17.34,29.5
2220,1.1,17.95,17.34,29.5
2220,1.3,17.34,17.34,29.5
2220,2,16.83,17.34,29.5
2220,3,16.11,17.34,29.5
2220,4,15.97,17.34,29.5
2220,5,15.9,17.34,29.5
2220,6,15.84,17.34,29.5
2220,7,15.49,17.34,29.5
2220,8,14.89,17.34,29.5
2220,9,14.75,17.34,29.5
2220,10,14.05,17.34,29.5
2220,11,13.95,17.34,29.5
2220,12,13.35,17.34,29.5
2220,13,12.89,17.34,29.5
2220,13.75,12.74,17.34,29.5
2220,14,12.33,17.34,29.5
2220,15,12.09,17.34,29.5
2220,16,11.55,17.34,29.5
2220,17,10.6,17.34,29.5
2220,18,10.2,17.34,29.5
2220,19,9.9,17.34,29.5
2220,20,9.05,17.34,29.5
2220,21,8.85,17.34,29.5
2220,22,7.9,17.34,29.5
2220,23,7.35,17.34,29.5
2220,23.2,7,17.34,29.5
2220,24,6.39,17.34,29.5
2220,25,5.2,17.34,29.5
2220,26,4.5,17.34,29.5
2220,26.7,4,17.34,29.5
2220,29.5,0,17.34,29.5
2221,0.1,10.49,8.35,17.4
2221,0.3,9.5,8.35,17.4
2221,0.5,9.3,8.35,17.4
2221,0.7,8.85,8.35,17.4
2221,0.9,8.7,8.35,17.4
2221,1.1,8.35,8.35,17.4
2221,1.3,8.35,8.35,17.4
2221,2,8.05,8.35,17.4
2221,3,7.85,8.35,17.4
2221,4,7.45,8.35,17.4
2221,5,7.15,8.35,17.4
2221,6,7,8.35,17.4
2221,7,6.45,8.35,17.4
2221,7.7,6.1,8.35,17.4
2221,8,6,8.35,17.4
2221,9,5.6,8.35,17.4
2221,10,5.3,8.35,17.4
2221,11,4.7,8.35,17.4
2221,12,4.2,8.35,17.4
2221,12.64,4,8.35,17.4
2221,17.4,0,8.35,17.4
2222,0.1,16.14,13.09,25.1
2222,0.3,14.4,13.09,25.1
2222,0.5,13.99,13.09,25.1
2222,0.7,13.94,13.09,25.1
2222,0.9,13.63,13.09,25.1
2222,1.1,13.19,13.09,25.1
2222,1.3,13.09,13.09,25.1
2222,2,12.6,13.09,25.1
2222,3,12.6,13.09,25.1
2222,4,12.04,13.09,25.1
2222,5,11.75,13.09,25.1
2222,6,11.25,13.09,25.1
2222,7,10.99,13.09,25.1
2222,8,10.55,13.09,25.1
2222,9,10.35,13.09,25.1
2222,10,9.75,13.09,25.1
2222,11,9.3,13.09,25.1
2222,11.55,9.05,13.09,25.1
2222,12,8.55,13.09,25.1
2222,13,8.45,13.09,25.1
2222,14,8.05,13.09,25.1
2222,15,7.8,13.09,25.1
2222,16,7.2,13.09,25.1
2222,16.6,7,13.09,25.1
2222,17,6.55,13.09,25.1
2222,18,6.1,13.09,25.1
2222,19,5.6,13.09,25.1
2222,20,5,13.09,25.1
2222,21,4.4,13.09,25.1
2222,21.57,4,13.09,25.1
2222,25.1,0,13.09,25.1
2223,0.1,21.6,17.84,28.1
2223,0.3,19.85,17.84,28.1
2223,0.5,19.6,17.84,28.1
2223,0.7,19.5,17.84,28.1
2223,0.9,17.95,17.84,28.1
2223,1.1,17.84,17.84,28.1
2223,1.3,17.84,17.84,28.1
2223,2,17.74,17.84,28.1
2223,3,17,17.84,28.1
2223,4,16.44,17.84,28.1
2223,5,16.44,17.84,28.1
2223,6,16.3,17.84,28.1
2223,7,15.9,17.84,28.1
2223,8,15.04,17.84,28.1
2223,9,14.85,17.84,28.1
2223,10,14.49,17.84,28.1
2223,11,14.4,17.84,28.1
2223,12,13.69,17.84,28.1
2223,13,13.55,17.84,28.1
2223,13.05,13.15,17.84,28.1
2223,14,11.95,17.84,28.1
2223,15,11.54,17.84,28.1
2223,16,11.04,17.84,28.1
2223,17,10.5,17.84,28.1
2223,18,9.8,17.84,28.1
2223,19,9.24,17.84,28.1
2223,20,8.25,17.84,28.1
2223,21,7.65,17.84,28.1
2223,21.18,7,17.84,28.1
2223,22,6.85,17.84,28.1
2223,23,6.13,17.84,28.1
2223,24.7,4,17.84,28.1
2223,28.1,0,17.84,28.1
2224,0.1,16.68,13.49,26.1
2224,0.3,14.79,13.49,26.1
2224,0.5,14.47,13.49,26.1
2224,0.7,14.29,13.49,26.1
2224,0.9,14.21,13.49,26.1
2224,1.1,13.8,13.49,26.1
2224,1.3,13.49,13.49,26.1
2224,2,13.29,13.49,26.1
2224,3,13.24,13.49,26.1
2224,4,13.1,13.49,26.1
2224,5,13.1,13.49,26.1
2224,6,12.6,13.49,26.1
2224,7,12.24,13.49,26.1
2224,8,11.78,13.49,26.1
2224,9,11.5,13.49,26.1
2224,10,11.39,13.49,26.1
2224,11,11.1,13.49,26.1
2224,12,10.83,13.49,26.1
2224,12.05,10.65,13.49,26.1
2224,13,10.25,13.49,26.1
2224,14,9.3,13.49,26.1
2224,15,8.69,13.49,26.1
2224,16,8.25,13.49,26.1
2224,17,7.59,13.49,26.1
2224,18,7.5,13.49,26.1
2224,19,7,13.49,26.1
2224,20,5.69,13.49,26.1
2224,21,5.35,13.49,26.1
2224,22,4.6,13.49,26.1
2224,22.6,4,13.49,26.1
2224,26.1,0,13.49,26.1
2225,0.1,20.66,17.79,28.77
2225,0.3,19.41,17.79,28.77
2225,0.5,18.47,17.79,28.77
2225,0.7,18.33,17.79,28.77
2225,0.9,18.29,17.79,28.77
2225,1.1,18.05,17.79,28.77
2225,1.3,17.79,17.79,28.77
2225,2,17.25,17.79,28.77
2225,3,17.1,17.79,28.77
2225,4,16.64,17.79,28.77
2225,5,16.54,17.79,28.77
2225,6,16.12,17.79,28.77
2225,7,16.02,17.79,28.77
2225,8,15.78,17.79,28.77
2225,9,15.62,17.79,28.77
2225,10,14.88,17.79,28.77
2225,11,14.73,17.79,28.77
2225,12,14.47,17.79,28.77
2225,13,13.39,17.79,28.77
2225,13.39,13.33,17.79,28.77
2225,14,12.85,17.79,28.77
2225,15,12.45,17.79,28.77
2225,16,11.95,17.79,28.77
2225,17,11,17.79,28.77
2225,18,10.6,17.79,28.77
2225,19,10.05,17.79,28.77
2225,20,9.39,17.79,28.77
2225,21,8.55,17.79,28.77
2225,22,7.5,17.79,28.77
2225,22.97,7,17.79,28.77
2225,23,6.84,17.79,28.77
2225,24,5.7,17.79,28.77
2225,25,5.1,17.79,28.77
2225,25.96,4,17.79,28.77
2225,28.77,0,17.79,28.77
2226,0.1,21.16,16.65,27.8
2226,0.3,18.3,16.65,27.8
2226,0.5,18.3,16.65,27.8
2226,0.7,17.7,16.65,27.8
2226,0.9,17.1,16.65,27.8
2226,1.1,16.65,16.65,27.8
2226,1.3,16.65,16.65,27.8
2226,2,16.04,16.65,27.8
2226,3,15.85,16.65,27.8
2226,4,15.65,16.65,27.8
2226,5,15.55,16.65,27.8
2226,6,15.05,16.65,27.8
2226,7,15,16.65,27.8
2226,8,14.65,16.65,27.8
2226,9,14,16.65,27.8
2226,10,13.7,16.65,27.8
2226,11,13.5,16.65,27.8
2226,12,12.95,16.65,27.8
2226,12.9,12.55,16.65,27.8
2226,13,12.5,16.65,27.8
2226,14,11.8,16.65,27.8
2226,15,11.3,16.65,27.8
2226,16,10.35,16.65,27.8
2226,17,10,16.65,27.8
2226,18,9.1,16.65,27.8
2226,19,8.55,16.65,27.8
2226,20,7.9,16.65,27.8
2226,21,7.2,16.65,27.8
2226,21.4,7,16.65,27.8
2226,22,6.3,16.65,27.8
2226,23,5.7,16.65,27.8
2226,24,5,16.65,27.8
2226,25,4,16.65,27.8
2226,27.8,0,16.65,27.8
2227,0.1,20.95,18.63,28.9
2227,0.3,20.49,18.63,28.9
2227,0.5,20.18,18.63,28.9
2227,0.7,20.03,18.63,28.9
2227,0.9,19.48,18.63,28.9
2227,1.1,19.06,18.63,28.9
2227,1.3,18.63,18.63,28.9
2227,2,18.25,18.63,28.9
2227,3,18.25,18.63,28.9
2227,4,17.95,18.63,28.9
2227,5,17.65,18.63,28.9
2227,6,17.45,18.63,28.9
2227,7,16.85,18.63,28.9
2227,8,16.25,18.63,28.9
2227,9,15.95,18.63,28.9
2227,10,15.85,18.63,28.9
2227,11,15.35,18.63,28.9
2227,12,14.74,18.63,28.9
2227,13,14.25,18.63,28.9
2227,13.45,13.9,18.63,28.9
2227,14,13.65,18.63,28.9
2227,15,12.75,18.63,28.9
2227,16,12.2,18.63,28.9
2227,17,11.4,18.63,28.9
2227,18,11.2,18.63,28.9
2227,19,10.35,18.63,28.9
2227,20,9.55,18.63,28.9
2227,21,8.75,18.63,28.9
2227,22,7.7,18.63,28.9
2227,23,7.2,18.63,28.9
2227,23.2,7,18.63,28.9
2227,24,5.94,18.63,28.9
2227,25,5.54,18.63,28.9
2227,26,4.25,18.63,28.9
2227,26.2,4,18.63,28.9
2227,28.9,0,18.63,28.9
2228,0.1,13.1,11.1,20.2
2228,0.3,12.2,11.1,20.2
2228,0.5,11.85,11.1,20.2
2228,0.7,11.5,11.1,20.2
2228,0.9,11.25,11.1,20.2
2228,1.1,11.15,11.1,20.2
2228,1.3,11.1,11.1,20.2
2228,2,10.85,11.1,20.2
2228,3,10.6,11.1,20.2
2228,4,10.5,11.1,20.2
2228,5,9.5,11.1,20.2
2228,6,9.25,11.1,20.2
2228,7,9.15,11.1,20.2
2228,8,8.55,11.1,20.2
2228,9,8.05,11.1,20.2
2228,9.1,8.05,11.1,20.2
2228,10,7.6,11.1,20.2
2228,11,7.1,11.1,20.2
2228,11.1,7,11.1,20.2
2228,12,6.55,11.1,20.2
2228,13,5.85,11.1,20.2
2228,14,5.55,11.1,20.2
2228,15,4.95,11.1,20.2
2228,16,4.45,11.1,20.2
2228,16.5,4,11.1,20.2
2228,20.2,0,11.1,20.2
2229,0.1,23.2,20.06,29.3
2229,0.3,21.9,20.06,29.3
2229,0.5,21.4,20.06,29.3
2229,0.7,20.41,20.06,29.3
2229,0.9,20.36,20.06,29.3
2229,1.1,20.12,20.06,29.3
2229,1.3,20.06,20.06,29.3
2229,2,19.22,20.06,29.3
2229,3,19.08,20.06,29.3
2229,4,18.59,20.06,29.3
2229,5,18.49,20.06,29.3
2229,6,17.88,20.06,29.3
2229,7,17.59,20.06,29.3
2229,8,17.04,20.06,29.3
2229,9,16.6,20.06,29.3
2229,10,15.68,20.06,29.3
2229,11,15.68,20.06,29.3
2229,12,15.59,20.06,29.3
2229,13,15.04,20.06,29.3
2229,13.65,14.72,20.06,29.3
2229,14,14.14,20.06,29.3
2229,15,13.6,20.06,29.3
2229,16,13.15,20.06,29.3
2229,17,11.84,20.06,29.3
2229,18,11.2,20.06,29.3
2229,19,10.59,20.06,29.3
2229,20,10.1,20.06,29.3
2229,21,8.79,20.06,29.3
2229,22,8.24,20.06,29.3
2229,23,7.58,20.06,29.3
2229,23.85,7,20.06,29.3
2229,24,6.65,20.06,29.3
2229,25,5.39,20.06,29.3
2229,26,4.35,20.06,29.3
2229,26.6,4,20.06,29.3
2229,29.3,0,20.06,29.3
2230,0.1,26.09,20.1,29.4
2230,0.3,24.8,20.1,29.4
2230,0.5,22.15,20.1,29.4
2230,0.7,21.4,20.1,29.4
2230,0.9,21.15,20.1,29.4
2230,1.1,20.85,20.1,29.4
2230,1.3,20.1,20.1,29.4
2230,2,19.25,20.1,29.4
2230,3,19,20.1,29.4
2230,4,18.64,20.1,29.4
2230,5,18.48,20.1,29.4
2230,6,18.1,20.1,29.4
2230,7,17.25,20.1,29.4
2230,8,16.75,20.1,29.4
2230,9,16.49,20.1,29.4
2230,10,15.89,20.1,29.4
2230,11,15.65,20.1,29.4
2230,12,14.89,20.1,29.4
2230,13,14.45,20.1,29.4
2230,13.7,14,20.1,29.4
2230,14,13.75,20.1,29.4
2230,15,13.5,20.1,29.4
2230,16,13.1,20.1,29.4
2230,17,12.44,20.1,29.4
2230,18,11.35,20.1,29.4
2230,19,10.8,20.1,29.4
2230,20,9.65,20.1,29.4
2230,21,8.75,20.1,29.4
2230,22,8.3,20.1,29.4
2230,23,7.55,20.1,29.4
2230,23.3,7,20.1,29.4
2230,24,6.49,20.1,29.4
2230,25,5.45,20.1,29.4
2230,26,4.55,20.1,29.4
2230,26.4,4,20.1,29.4
2230,29.4,0,20.1,29.4
2231,0.1,22.95,18.89,29.4
2231,0.3,21.1,18.89,29.4
2231,0.5,20.95,18.89,29.4
2231,0.7,20.69,18.89,29.4
2231,0.9,20.23,18.89,29.4
2231,1.1,19.64,18.89,29.4
2231,1.3,18.89,18.89,29.4
2231,2,18.89,18.89,29.4
2231,3,18.84,18.89,29.4
2231,4,18.3,18.89,29.4
2231,5,18,18.89,29.4
2231,6,17.79,18.89,29.4
2231,7,17.44,18.89,29.4
2231,8,17.14,18.89,29.4
2231,9,16.15,18.89,29.4
2231,10,15.54,18.89,29.4
2231,11,15.18,18.89,29.4
2231,12,14.89,18.89,29.4
2231,13,14.85,18.89,29.4
2231,13.7,14.15,18.89,29.4
2231,14,13.99,18.89,29.4
2231,15,13.6,18.89,29.4
2231,16,12.35,18.89,29.4
2231,17,11.65,18.89,29.4
2231,18,11.4,18.89,29.4
2231,19,10.25,18.89,29.4
2231,20,9.9,18.89,29.4
2231,21,9.25,18.89,29.4
2231,22,8.2,18.89,29.4
2231,23,7.55,18.89,29.4
2231,23.35,7,18.89,29.4
2231,24,6.85,18.89,29.4
2231,25,6.09,18.89,29.4
2231,26,4.85,18.89,29.4
2231,26.6,4,18.89,29.4
2231,29.4,0,18.89,29.4
2232,0.1,20.7,18.6,28.8
2232,0.3,19.7,18.6,28.8
2232,0.5,19.45,18.6,28.8
2232,0.7,19.25,18.6,28.8
2232,0.9,18.85,18.6,28.8
2232,1.1,18.7,18.6,28.8
2232,1.3,18.6,18.6,28.8
2232,2,17.9,18.6,28.8
2232,3,17.4,18.6,28.8
2232,4,17.25,18.6,28.8
2232,5,17,18.6,28.8
2232,6,16.6,18.6,28.8
2232,7,15.95,18.6,28.8
2232,8,15.39,18.6,28.8
2232,9,15.35,18.6,28.8
2232,10,15.3,18.6,28.8
2232,11,14.6,18.6,28.8
2232,12,14.3,18.6,28.8
2232,13,13.5,18.6,28.8
2232,13.4,13.5,18.6,28.8
2232,14,13.35,18.6,28.8
2232,15,12.25,18.6,28.8
2232,16,11.4,18.6,28.8
2232,17,11.15,18.6,28.8
2232,18,10.45,18.6,28.8
2232,19,9.85,18.6,28.8
2232,20,8.95,18.6,28.8
2232,21,8.5,18.6,28.8
2232,22,7.6,18.6,28.8
2232,22.9,7,18.6,28.8
2232,23,6.9,18.6,28.8
2232,24,5.95,18.6,28.8
2232,25,4.85,18.6,28.8
2232,26,4,18.6,28.8
2232,28.8,0,18.6,28.8
2233,0.1,20.57,17.18,28.1
2233,0.3,19.15,17.18,28.1
2233,0.5,18.7,17.18,28.1
2233,0.7,18.65,17.18,28.1
2233,0.9,18.5,17.18,28.1
2233,1.1,17.33,17.18,28.1
2233,1.3,17.18,17.18,28.1
2233,2,17.15,17.18,28.1
2233,3,16.09,17.18,28.1
2233,4,15.85,17.18,28.1
2233,5,15.84,17.18,28.1
2233,6,15.59,17.18,28.1
2233,7,14.9,17.18,28.1
2233,8,14.85,17.18,28.1
2233,9,14.35,17.18,28.1
2233,10,13.94,17.18,28.1
2233,11,13.55,17.18,28.1
2233,12,12.94,17.18,28.1
2233,13,12.7,17.18,28.1
2233,13.05,12.6,17.18,28.1
2233,14,12.15,17.18,28.1
2233,15,11.3,17.18,28.1
2233,16,10.55,17.18,28.1
2233,17,10.05,17.18,28.1
2233,18,9.45,17.18,28.1
2233,19,8.65,17.18,28.1
2233,20,8.4,17.18,28.1
2233,21,7.3,17.18,28.1
2233,21.7,7,17.18,28.1
2233,22,6.95,17.18,28.1
2233,23,5.89,17.18,28.1
2233,24,4.52,17.18,28.1
2233,24.9,4,17.18,28.1
2233,28.1,0,17.18,28.1
2234,0.1,15.71,13.44,24.7
2234,0.3,14.45,13.44,24.7
2234,0.5,13.89,13.44,24.7
2234,0.7,13.83,13.44,24.7
2234,0.9,13.74,13.44,24.7
2234,1.1,13.44,13.44,24.7
2234,1.3,13.19,13.44,24.7
2234,2,12.75,13.44,24.7
2234,3,12.45,13.44,24.7
2234,4,12.4,13.44,24.7
2234,5,12.15,13.44,24.7
2234,6,11.9,13.44,24.7
2234,7,11.6,13.44,24.7
2234,8,11.4,13.44,24.7
2234,9,10.6,13.44,24.7
2234,10,10.3,13.44,24.7
2234,11,10.2,13.44,24.7
2234,11.35,10.2,13.44,24.7
2234,12,9.94,13.44,24.7
2234,13,9.1,13.44,24.7
2234,14,8.6,13.44,24.7
2234,15,8.15,13.44,24.7
2234,16,7.75,13.44,24.7
2234,17,7.35,13.44,24.7
2234,17.25,7,13.44,24.7
2234,18,6.65,13.44,24.7
2234,19,5.85,13.44,24.7
2234,20,4.7,13.44,24.7
2234,21,4,13.44,24.7
2234,24.7,0,13.44,24.7
2235,0.1,15.24,11.75,23
2235,0.3,13.65,11.75,23
2235,0.5,13.65,11.75,23
2235,0.7,13.5,11.75,23
2235,0.9,13.4,11.75,23
2235,1.1,12,11.75,23
2235,1.3,11.75,11.75,23
2235,2,11.34,11.75,23
2235,3,11.1,11.75,23
2235,4,10.8,11.75,23
2235,5,10.5,11.75,23
2235,6,10.5,11.75,23
2235,7,10.15,11.75,23
2235,8,9.95,11.75,23
2235,9,9.45,11.75,23
2235,10,9.15,11.75,23
2235,10.5,8.75,11.75,23
2235,11,8.65,11.75,23
2235,12,8.25,11.75,23
2235,13,7.6,11.75,23
2235,14,7.4,11.75,23
2235,14.74,7,11.75,23
2235,15,6.75,11.75,23
2235,16,6.15,11.75,23
2235,17,5.6,11.75,23
2235,18,4.9,11.75,23
2235,19,4.4,11.75,23
2235,19.2,4,11.75,23
2235,23,0,12.25,22.8
2236,0.1,14.23,12.25,22.8
2236,0.3,13.47,12.25,22.8
2236,0.5,13.04,12.25,22.8
2236,0.7,12.79,12.25,22.8
2236,0.9,12.4,12.25,22.8
2236,1.1,12.25,12.25,22.8
2236,1.3,12.25,12.25,22.8
2236,2,11.4,12.25,22.8
2236,3,11.25,12.25,22.8
2236,4,10.95,12.25,22.8
2236,5,10.8,12.25,22.8
2236,6,10.6,12.25,22.8
2236,7,10.24,12.25,22.8
2236,8,9.3,12.25,22.8
2236,9,9.1,12.25,22.8
2236,10,9,12.25,22.8
2236,10.4,8.85,12.25,22.8
2236,11,8.6,12.25,22.8
2236,12,7.95,12.25,22.8
2236,13,7.5,12.25,22.8
2236,14,7.05,12.25,22.8
2236,14.45,7,12.25,22.8
2236,15,6.44,12.25,22.8
2236,16,5.9,12.25,22.8
2236,17,5.4,12.25,22.8
2236,18,4.75,12.25,22.8
2236,19,4.15,12.25,22.8
2236,19.2,4,12.25,22.8
2236,22.8,0,12.25,22.8
2237,0.1,17.45,15.05,26.5
2237,0.3,16.39,15.05,26.5
2237,0.5,15.9,15.05,26.5
2237,0.7,15.25,15.05,26.5
2237,0.9,15.09,15.05,26.5
2237,1.1,15.09,15.05,26.5
2237,1.3,15.05,15.05,26.5
2237,2,14.15,15.05,26.5
2237,3,14.05,15.05,26.5
2237,4,13.6,15.05,26.5
2237,5,13.3,15.05,26.5
2237,6,12.75,15.05,26.5
2237,7,12.45,15.05,26.5
2237,8,12.45,15.05,26.5
2237,9,12.3,15.05,26.5
2237,10,11.9,15.05,26.5
2237,11,11.55,15.05,26.5
2237,12,11.45,15.05,26.5
2237,12.25,11.1,15.05,26.5
2237,13,10.85,15.05,26.5
2237,14,10.19,15.05,26.5
2237,15,9.6,15.05,26.5
2237,16,8.7,15.05,26.5
2237,17,8.34,15.05,26.5
2237,18,7.75,15.05,26.5
2237,19,7,15.05,26.5
2237,20,6.45,15.05,26.5
2237,21,5.95,15.05,26.5
2237,22,4.95,15.05,26.5
2237,23,4.2,15.05,26.5
2237,23.3,4,15.05,26.5
2237,26.5,0,15.05,26.5
2238,0.1,15.6,12.65,24.5
2238,0.3,14.43,12.65,24.5
2238,0.5,14.27,12.65,24.5
2238,0.7,14.07,12.65,24.5
2238,0.9,13.36,12.65,24.5
2238,1.1,13.18,12.65,24.5
2238,1.3,12.65,12.65,24.5
2238,2,12.6,12.65,24.5
2238,3,12,12.65,24.5
2238,4,11.85,12.65,24.5
2238,5,11.8,12.65,24.5
2238,6,11.3,12.65,24.5
2238,7,11,12.65,24.5
2238,8,10.94,12.65,24.5
2238,9,10.9,12.65,24.5
2238,10,10.3,12.65,24.5
2238,11,9.95,12.65,24.5
2238,11.25,9.9,12.65,24.5
2238,12,9.7,12.65,24.5
2238,13,8.85,12.65,24.5
2238,14,8.05,12.65,24.5
2238,15,7.8,12.65,24.5
2238,16,7.2,12.65,24.5
2238,16.12,7,12.65,24.5
2238,17,6.65,12.65,24.5
2238,18,6,12.65,24.5
2238,19,5.2,12.65,24.5
2238,20,4.6,12.65,24.5
2238,20.5,4,12.65,24.5
2238,24.5,0,12.65,24.5
2239,0.1,16.33,13.9,25
2239,0.3,15.18,13.9,25
2239,0.5,14.73,13.9,25
2239,0.7,14.53,13.9,25
2239,0.9,14.5,13.9,25
2239,1.1,14.09,13.9,25
2239,1.3,13.9,13.9,25
2239,2,13.48,13.9,25
2239,3,13.23,13.9,25
2239,4,12.7,13.9,25
2239,5,12.59,13.9,25
2239,6,11.99,13.9,25
2239,7,11.59,13.9,25
2239,8,11.38,13.9,25
2239,9,11.13,13.9,25
2239,10,10.99,13.9,25
2239,11,10.6,13.9,25
2239,11.5,10.35,13.9,25
2239,12,10.05,13.9,25
2239,13,9.65,13.9,25
2239,14,9.05,13.9,25
2239,15,8.8,13.9,25
2239,16,7.35,13.9,25
2239,17,6.84,13.9,25
2239,18,6.35,13.9,25
2239,19,5.9,13.9,25
2239,20,5.34,13.9,25
2239,21,4.2,13.9,25
2239,21.3,4,13.9,25
2239,25,0,13.9,25
2240,0.1,17.93,14.4,25.7
2240,0.3,15.67,14.4,25.7
2240,0.5,15.23,14.4,25.7
2240,0.7,15.13,14.4,25.7
2240,0.9,14.85,14.4,25.7
2240,1.1,14.7,14.4,25.7
2240,1.3,14.4,14.4,25.7
2240,2,14,14.4,25.7
2240,3,13.6,14.4,25.7
2240,4,13.3,14.4,25.7
2240,5,13.25,14.4,25.7
2240,6,12.55,14.4,25.7
2240,7,12.4,14.4,25.7
2240,8,11.99,14.4,25.7
2240,9,11.6,14.4,25.7
2240,10,11.55,14.4,25.7
2240,11,11.2,14.4,25.7
2240,11.85,10.75,14.4,25.7
2240,12,10.54,14.4,25.7
2240,13,10.2,14.4,25.7
2240,14,9.7,14.4,25.7
2240,15,8.95,14.4,25.7
2240,16,8.35,14.4,25.7
2240,17,7.8,14.4,25.7
2240,18,7.15,14.4,25.7
2240,18.15,7,14.4,25.7
2240,19,6.24,14.4,25.7
2240,20,5.5,14.4,25.7
2240,21,4.95,14.4,25.7
2240,22,4.63,14.4,25.7
2240,22.3,4,14.4,25.7
2240,25.7,0,14.4,25.7
2241,0.1,19.3,16.29,27.8
2241,0.3,17.75,16.29,27.8
2241,0.5,17.65,16.29,27.8
2241,0.7,17.15,16.29,27.8
2241,0.9,16.94,16.29,27.8
2241,1.1,16.53,16.29,27.8
2241,1.3,16.29,16.29,27.8
2241,2,15.85,16.29,27.8
2241,3,15.8,16.29,27.8
2241,4,15.35,16.29,27.8
2241,5,15.1,16.29,27.8
2241,6,14.8,16.29,27.8
2241,7,14.75,16.29,27.8
2241,8,14.15,16.29,27.8
2241,9,13.75,16.29,27.8
2241,10,13.5,16.29,27.8
2241,11,13.3,16.29,27.8
2241,12,13.05,16.29,27.8
2241,12.9,12.35,16.29,27.8
2241,13,11.9,16.29,27.8
2241,14,11.7,16.29,27.8
2241,15,10.85,16.29,27.8
2241,16,10.05,16.29,27.8
2241,17,9.8,16.29,27.8
2241,18,8.95,16.29,27.8
2241,19,8.45,16.29,27.8
2241,20,7.65,16.29,27.8
2241,20.7,7,16.29,27.8
2241,21,6.95,16.29,27.8
2241,22,6.4,16.29,27.8
2241,23,5.45,16.29,27.8
2241,24,4.94,16.29,27.8
2241,24.2,4,16.29,27.8
2241,27.8,0,16.29,27.8
2242,0.1,14.09,11.85,23.4
2242,0.3,13.49,11.85,23.4
2242,0.5,12.79,11.85,23.4
2242,0.7,12.7,11.85,23.4
2242,0.9,12.3,11.85,23.4
2242,1.1,12.05,11.85,23.4
2242,1.3,11.85,11.85,23.4
2242,2,11.35,11.85,23.4
2242,3,11.2,11.85,23.4
2242,4,11.05,11.85,23.4
2242,5,10.9,11.85,23.4
2242,6,10.65,11.85,23.4
2242,7,10.2,11.85,23.4
2242,8,9.85,11.85,23.4
2242,9,9.45,11.85,23.4
2242,10,9.25,11.85,23.4
2242,10.7,9.15,11.85,23.4
2242,11,8.7,11.85,23.4
2242,12,8.55,11.85,23.4
2242,13,7.75,11.85,23.4
2242,14,7.3,11.85,23.4
2242,14.2,7,11.85,23.4
2242,15,6.8,11.85,23.4
2242,16,6.1,11.85,23.4
2242,17,5.5,11.85,23.4
2242,18,5.1,11.85,23.4
2242,19,4.7,11.85,23.4
2242,19.55,4,11.85,23.4
2242,23.4,0,11.85,23.4
2243,0.1,19.9,17.05,28
2243,0.3,18.8,17.05,28
2243,0.5,18.45,17.05,28
2243,0.7,18.34,17.05,28
2243,0.9,17.5,17.05,28
2243,1.1,17.45,17.05,28
2243,1.3,17.05,17.05,28
2243,2,16.75,17.05,28
2243,3,16.35,17.05,28
2243,4,16.1,17.05,28
2243,5,15.74,17.05,28
2243,6,15.39,17.05,28
2243,7,14.6,17.05,28
2243,8,14.25,17.05,28
2243,9,14.1,17.05,28
2243,10,13.6,17.05,28
2243,11,13.05,17.05,28
2243,12,13,17.05,28
2243,13,11.9,17.05,28
2243,14,11.5,17.05,28
2243,15,10.85,17.05,28
2243,16,10.59,17.05,28
2243,17,9.75,17.05,28
2243,18,9,17.05,28
2243,19,8.05,17.05,28
2243,20,7.25,17.05,28
2243,20.15,7,17.05,28
2243,21,6.85,17.05,28
2243,22,6.1,17.05,28
2243,23,5.29,17.05,28
2243,24,4.25,17.05,28
2243,24.4,4,17.05,28
2243,28,0,17.05,28
2244,0.1,18.65,15.75,27.5
2244,0.3,16.85,15.75,27.5
2244,0.5,16.75,15.75,27.5
2244,0.7,16.45,15.75,27.5
2244,0.9,16.25,15.75,27.5
2244,1.1,16.05,15.75,27.5
2244,1.3,15.75,15.75,27.5
2244,2,15.05,15.75,27.5
2244,3,14.95,15.75,27.5
2244,4,14.85,15.75,27.5
2244,5,14.75,15.75,27.5
2244,6,14.65,15.75,27.5
2244,7,14.29,15.75,27.5
2244,8,14.1,15.75,27.5
2244,9,13.6,15.75,27.5
2244,10,13.55,15.75,27.5
2244,11,13,15.75,27.5
2244,12,12.45,15.75,27.5
2244,12.75,11.94,15.75,27.5
2244,13,11.7,15.75,27.5
2244,14,11.1,15.75,27.5
2244,15,10.1,15.75,27.5
2244,16,9.6,15.75,27.5
2244,17,8.65,15.75,27.5
2244,18,8.15,15.75,27.5
2244,19,7.95,15.75,27.5
2244,19.8,7,15.75,27.5
2244,20,6.95,15.75,27.5
2244,21,6.35,15.75,27.5
2244,22,5.74,15.75,27.5
2244,23,5.1,15.75,27.5
2244,24,4,15.75,27.5
2244,27.5,0,15.75,27.5
2245,0.1,21.59,17.34,28.4
2245,0.3,19.79,17.34,28.4
2245,0.5,18.64,17.34,28.4
2245,0.7,18.34,17.34,28.4
2245,0.9,17.54,17.34,28.4
2245,1.1,17.44,17.34,28.4
2245,1.3,17.34,17.34,28.4
2245,2,17.15,17.34,28.4
2245,3,16.65,17.34,28.4
2245,4,16.3,17.34,28.4
2245,5,16.1,17.34,28.4
2245,6,15.95,17.34,28.4
2245,7,15.65,17.34,28.4
2245,8,14.99,17.34,28.4
2245,9,14.45,17.34,28.4
2245,10,14.19,17.34,28.4
2245,11,13.79,17.34,28.4
2245,12,13.3,17.34,28.4
2245,13,13.14,17.34,28.4
2245,13.2,12.59,17.34,28.4
2245,14,12.39,17.34,28.4
2245,15,11.4,17.34,28.4
2245,16,11.04,17.34,28.4
2245,17,10.2,17.34,28.4
2245,18,9.8,17.34,28.4
2245,19,9.09,17.34,28.4
2245,20,8.49,17.34,28.4
2245,21,7.15,17.34,28.4
2245,21.3,7,17.34,28.4
2245,22,6.95,17.34,28.4
2245,23,5.5,17.34,28.4
2245,24,4.7,17.34,28.4
2245,25,4.15,17.34,28.4
2245,25.05,4,17.34,28.4
2245,28.4,0,17.34,28.4
2246,0.1,17.25,13.25,25.5
2246,0.3,14.69,13.25,25.5
2246,0.5,14.1,13.25,25.5
2246,0.7,14.1,13.25,25.5
2246,0.9,13.83,13.25,25.5
2246,1.1,13.45,13.25,25.5
2246,1.3,13.25,13.25,25.5
2246,2,13.05,13.25,25.5
2246,3,12.8,13.25,25.5
2246,4,12.6,13.25,25.5
2246,5,12.25,13.25,25.5
2246,6,12.1,13.25,25.5
2246,7,11.54,13.25,25.5
2246,8,11.45,13.25,25.5
2246,9,11.04,13.25,25.5
2246,10,10.74,13.25,25.5
2246,11,10.4,13.25,25.5
2246,11.75,9.95,13.25,25.5
2246,12,9.8,13.25,25.5
2246,13,9.53,13.25,25.5
2246,14,9.1,13.25,25.5
2246,15,8.4,13.25,25.5
2246,16,7.55,13.25,25.5
2246,17,7.2,13.25,25.5
2246,17.87,7,13.25,25.5
2246,18,6.55,13.25,25.5
2246,19,5.65,13.25,25.5
2246,20,5.24,13.25,25.5
2246,21,4.5,13.25,25.5
2246,21.8,4,13.25,25.5
2246,25.5,0,13.25,25.5
2247,0.1,19.69,16.49,28.1
2247,0.3,17.93,16.49,28.1
2247,0.5,17.19,16.49,28.1
2247,0.7,16.9,16.49,28.1
2247,0.9,16.78,16.49,28.1
2247,1.1,16.54,16.49,28.1
2247,1.3,16.49,16.49,28.1
2247,2,15.65,16.49,28.1
2247,3,15.09,16.49,28.1
2247,4,14.98,16.49,28.1
2247,5,14.74,16.49,28.1
2247,6,14.74,16.49,28.1
2247,7,14.2,16.49,28.1
2247,8,13.94,16.49,28.1
2247,9,13.5,16.49,28.1
2247,10,13.29,16.49,28.1
2247,11,12.33,16.49,28.1
2247,12,12.04,16.49,28.1
2247,13,11.94,16.49,28.1
2247,13.05,11.94,16.49,28.1
2247,14,11,16.49,28.1
2247,15,10.4,16.49,28.1
2247,16,9.85,16.49,28.1
2247,17,9.3,16.49,28.1
2247,18,8.6,16.49,28.1
2247,19,7.89,16.49,28.1
2247,20,7.2,16.49,28.1
2247,20.6,7,16.49,28.1
2247,21,6.75,16.49,28.1
2247,22,6.05,16.49,28.1
2247,23,5.05,16.49,28.1
2247,24,4.45,16.49,28.1
2247,24.55,4,16.49,28.1
2247,28.1,0,16.49,28.1
2248,0.1,19.95,15.75,27.3
2248,0.3,17.25,15.75,27.3
2248,0.5,16.8,15.75,27.3
2248,0.7,16.6,15.75,27.3
2248,0.9,16.1,15.75,27.3
2248,1.1,16.1,15.75,27.3
2248,1.3,15.75,15.75,27.3
2248,2,15.5,15.75,27.3
2248,3,15.25,15.75,27.3
2248,4,14.95,15.75,27.3
2248,5,14.69,15.75,27.3
2248,6,14.69,15.75,27.3
2248,7,14.25,15.75,27.3
2248,8,13.95,15.75,27.3
2248,9,13.39,15.75,27.3
2248,10,12.95,15.75,27.3
2248,11,12.6,15.75,27.3
2248,12,12.19,15.75,27.3
2248,12.65,11.95,15.75,27.3
2248,13,11.7,15.75,27.3
2248,14,10.9,15.75,27.3
2248,15,9.99,15.75,27.3
2248,16,9.65,15.75,27.3
2248,17,8.75,15.75,27.3
2248,18,8.25,15.75,27.3
2248,19,7.7,15.75,27.3
2248,20,7.15,15.75,27.3
2248,20.85,7,15.75,27.3
2248,21,6.4,15.75,27.3
2248,22,5.5,15.75,27.3
2248,23,4.6,15.75,27.3
2248,23.85,4,15.75,27.3
2248,27.3,0,15.75,27.3
2249,0.1,20.49,16.65,27.9
2249,0.3,18.27,16.65,27.9
2249,0.5,17.47,16.65,27.9
2249,0.7,17.26,16.65,27.9
2249,0.9,17.04,16.65,27.9
2249,1.1,16.99,16.65,27.9
2249,1.3,16.65,16.65,27.9
2249,2,16.29,16.65,27.9
2249,3,16.22,16.65,27.9
2249,4,15.55,16.65,27.9
2249,5,15.5,16.65,27.9
2249,6,15.45,16.65,27.9
2249,7,14.4,16.65,27.9
2249,8,14.24,16.65,27.9
2249,9,14.24,16.65,27.9
2249,10,13.8,16.65,27.9
2249,11,13.19,16.65,27.9
2249,12,12.99,16.65,27.9
2249,12.95,12.83,16.65,27.9
2249,13,12.59,16.65,27.9
2249,14,11.4,16.65,27.9
2249,15,10.85,16.65,27.9
2249,16,9.93,16.65,27.9
2249,17,9.45,16.65,27.9
2249,18,9,16.65,27.9
2249,19,8.08,16.65,27.9
2249,20,7.29,16.65,27.9
2249,20.95,7,16.65,27.9
2249,21,6.7,16.65,27.9
2249,22,6.05,16.65,27.9
2249,23,5.35,16.65,27.9
2249,24,4.25,16.65,27.9
2249,24.3,4,16.65,27.9
2249,27.9,0,16.65,27.9
2250,0.1,19.29,15.55,27
2250,0.3,17.49,15.55,27
2250,0.5,16.75,15.55,27
2250,0.7,16.25,15.55,27
2250,0.9,16.2,15.55,27
2250,1.1,15.9,15.55,27
2250,1.3,15.55,15.55,27
2250,2,15,15.55,27
2250,3,14.9,15.55,27
2250,4,14.45,15.55,27
2250,5,14.25,15.55,27
2250,6,13.69,15.55,27
2250,7,13.25,15.55,27
2250,8,13.19,15.55,27
2250,9,12.35,15.55,27
2250,10,12.35,15.55,27
2250,11,11.95,15.55,27
2250,12,11.35,15.55,27
2250,12.5,11.35,15.55,27
2250,13,10.75,15.55,27
2250,14,10.24,15.55,27
2250,15,9.6,15.55,27
2250,16,8.94,15.55,27
2250,17,8.7,15.55,27
2250,18,7.9,15.55,27
2250,19,7,15.55,27
2250,20,6.5,15.55,27
2250,21,5.85,15.55,27
2250,22,5.1,15.55,27
2250,23,4.2,15.55,27
2250,23.3,4,15.55,27
2250,27,0,15.55,27
2251,0.1,19.74,15.78,27.3
2251,0.3,17.89,15.78,27.3
2251,0.5,17.2,15.78,27.3
2251,0.7,17.07,15.78,27.3
2251,0.9,16.06,15.78,27.3
2251,1.1,15.82,15.78,27.3
2251,1.3,15.78,15.78,27.3
2251,2,15.29,15.78,27.3
2251,3,15.15,15.78,27.3
2251,4,14.69,15.78,27.3
2251,5,14.4,15.78,27.3
2251,6,14.09,15.78,27.3
2251,7,13.83,15.78,27.3
2251,8,13.74,15.78,27.3
2251,9,13.49,15.78,27.3
2251,10,12.75,15.78,27.3
2251,11,12.45,15.78,27.3
2251,12,11.85,15.78,27.3
2251,12.65,11.83,15.78,27.3
2251,13,10.6,15.78,27.3
2251,14,10.34,15.78,27.3
2251,15,10.14,15.78,27.3
2251,16,9.7,15.78,27.3
2251,17,8.88,15.78,27.3
2251,18,8.05,15.78,27.3
2251,19,7.8,15.78,27.3
2251,19.9,7,15.78,27.3
2251,20,6.6,15.78,27.3
2251,21,5.95,15.78,27.3
2251,22,5.35,15.78,27.3
2251,23,4.45,15.78,27.3
2251,23.8,4,15.78,27.3
2251,27.3,0,15.78,27.3
2252,0.1,17.71,14.65,26.5
2252,0.3,15.75,14.65,26.5
2252,0.5,15.2,14.65,26.5
2252,0.7,15.2,14.65,26.5
2252,0.9,15.1,14.65,26.5
2252,1.1,14.7,14.65,26.5
2252,1.3,14.65,14.65,26.5
2252,2,14.45,14.65,26.5
2252,3,14.25,14.65,26.5
2252,4,13.85,14.65,26.5
2252,5,13.45,14.65,26.5
2252,6,13.4,14.65,26.5
2252,7,13.25,14.65,26.5
2252,8,12.85,14.65,26.5
2252,9,12.8,14.65,26.5
2252,10,11.8,14.65,26.5
2252,11,11.65,14.65,26.5
2252,12,11.25,14.65,26.5
2252,12.25,10.95,14.65,26.5
2252,13,10.05,14.65,26.5
2252,14,9.85,14.65,26.5
2252,15,9.4,14.65,26.5
2252,16,8.95,14.65,26.5
2252,17,8.25,14.65,26.5
2252,18,7.3,14.65,26.5
2252,18.85,7,14.65,26.5
2252,19,6.65,14.65,26.5
2252,20,6.3,14.65,26.5
2252,21,5.79,14.65,26.5
2252,22,4.6,14.65,26.5
2252,22.75,4,14.65,26.5
2252,26.5,0,14.65,26.5
2253,0.1,23.49,18.05,28.8
2253,0.3,19.66,18.05,28.8
2253,0.5,19.4,18.05,28.8
2253,0.7,18.49,18.05,28.8
2253,0.9,18.49,18.05,28.8
2253,1.1,18.19,18.05,28.8
2253,1.3,18.05,18.05,28.8
2253,2,18.05,18.05,28.8
2253,3,16.8,18.05,28.8
2253,4,16.45,18.05,28.8
2253,5,16.3,18.05,28.8
2253,6,16.25,18.05,28.8
2253,7,16.15,18.05,28.8
2253,8,15.34,18.05,28.8
2253,9,14.85,18.05,28.8
2253,10,14.78,18.05,28.8
2253,11,13.84,18.05,28.8
2253,12,13.45,18.05,28.8
2253,13,13,18.05,28.8
2253,13.4,12.9,18.05,28.8
2253,14,12.74,18.05,28.8
2253,15,11.5,18.05,28.8
2253,16,11.1,18.05,28.8
2253,17,10.24,18.05,28.8
2253,18,9.8,18.05,28.8
2253,19,9.25,18.05,28.8
2253,20,8.09,18.05,28.8
2253,21,7.59,18.05,28.8
2253,22,7.05,18.05,28.8
2253,22.15,7,18.05,28.8
2253,23,6.1,18.05,28.8
2253,24,5.55,18.05,28.8
2253,25,4.7,18.05,28.8
2253,25.9,4,18.05,28.8
2253,28.8,0,18.05,28.8
2254,0.1,16.8,14.45,26.3
2254,0.3,15.16,14.45,26.3
2254,0.5,14.7,14.45,26.3
2254,0.7,14.65,14.45,26.3
2254,0.9,14.6,14.45,26.3
2254,1.1,14.5,14.45,26.3
2254,1.3,14.45,14.45,26.3
2254,2,13.54,14.45,26.3
2254,3,13.4,14.45,26.3
2254,4,13.25,14.45,26.3
2254,5,12.59,14.45,26.3
2254,6,12.59,14.45,26.3
2254,7,12.24,14.45,26.3
2254,8,12.19,14.45,26.3
2254,9,12.14,14.45,26.3
2254,10,11.09,14.45,26.3
2254,11,11.09,14.45,26.3
2254,12,11.09,14.45,26.3
2254,12.15,10.84,14.45,26.3
2254,13,10.55,14.45,26.3
2254,14,9.63,14.45,26.3
2254,15,8.85,14.45,26.3
2254,16,8.25,14.45,26.3
2254,17,7.5,14.45,26.3
2254,18,7.25,14.45,26.3
2254,18.55,7,14.45,26.3
2254,19,6.6,14.45,26.3
2254,20,5.65,14.45,26.3
2254,21,5.05,14.45,26.3
2254,22,4.65,14.45,26.3
2254,22.5,4,14.45,26.3
2254,26.3,0,14.45,26.3
2255,0.1,17.24,15.18,27.5
2255,0.3,16.85,15.18,27.5
2255,0.5,16.5,15.18,27.5
2255,0.7,16.19,15.18,27.5
2255,0.9,15.99,15.18,27.5
2255,1.1,15.43,15.18,27.5
2255,1.3,15.18,15.18,27.5
2255,2,15.12,15.18,27.5
2255,3,14.93,15.18,27.5
2255,4,14.84,15.18,27.5
2255,5,14.74,15.18,27.5
2255,6,14.64,15.18,27.5
2255,7,13.29,15.18,27.5
2255,8,13.25,15.18,27.5
2255,9,12.99,15.18,27.5
2255,10,12.25,15.18,27.5
2255,11,12.25,15.18,27.5
2255,12,12.05,15.18,27.5
2255,12.75,11.3,15.18,27.5
2255,13,11.3,15.18,27.5
2255,14,10.25,15.18,27.5
2255,15,9.65,15.18,27.5
2255,16,9.15,15.18,27.5
2255,17,8.75,15.18,27.5
2255,18,8,15.18,27.5
2255,19,7.15,15.18,27.5
2255,19.9,7,15.18,27.5
2255,20,6.65,15.18,27.5
2255,21,6.1,15.18,27.5
2255,22,5.1,15.18,27.5
2255,23,4.3,15.18,27.5
2255,23.9,4,15.18,27.5
2255,27.5,0,15.18,27.5
